label,id,part,repeat,filepath
0,piece_2,0,-1,phrases/Final_Fantasy_7_OppressedPeople_0.mid
0,piece_2,1,-1,phrases/Final_Fantasy_7_OppressedPeople_1.mid
0,piece_2,2,-1,phrases/Final_Fantasy_7_OppressedPeople_2.mid
0,piece_2,3,-1,phrases/Final_Fantasy_7_OppressedPeople_3.mid
0,piece_2,4,-1,phrases/Final_Fantasy_7_OppressedPeople_4.mid
0,piece_2,5,-1,phrases/Final_Fantasy_7_OppressedPeople_5.mid
0,piece_2,6,-1,phrases/Final_Fantasy_7_OppressedPeople_6.mid
0,piece_2,7,-1,phrases/Final_Fantasy_7_OppressedPeople_7.mid
0,piece_2,8,-1,phrases/Final_Fantasy_7_OppressedPeople_8.mid
0,piece_2,9,-1,phrases/Final_Fantasy_7_OppressedPeople_9.mid
1,piece_4,0,-1,phrases/Final_Fantasy_7_HoldingMyThoughtsinMyHeart_0.mid
1,piece_4,1,-1,phrases/Final_Fantasy_7_HoldingMyThoughtsinMyHeart_1.mid
1,piece_4,2,-1,phrases/Final_Fantasy_7_HoldingMyThoughtsinMyHeart_2.mid
1,piece_4,3,-1,phrases/Final_Fantasy_7_HoldingMyThoughtsinMyHeart_3.mid
1,piece_4,4,-1,phrases/Final_Fantasy_7_HoldingMyThoughtsinMyHeart_4.mid
1,piece_4,5,-1,phrases/Final_Fantasy_7_HoldingMyThoughtsinMyHeart_5.mid
1,piece_4,6,-1,phrases/Final_Fantasy_7_HoldingMyThoughtsinMyHeart_6.mid
1,piece_4,7,-1,phrases/Final_Fantasy_7_HoldingMyThoughtsinMyHeart_7.mid
0,piece_11,0,-1,phrases/Legend_Of_Zelda_The_Majoras_Mask_TheMayorsOffice_0.mid
0,piece_11,1,-1,phrases/Legend_Of_Zelda_The_Majoras_Mask_TheMayorsOffice_1.mid
0,piece_11,2,-1,phrases/Legend_Of_Zelda_The_Majoras_Mask_TheMayorsOffice_2.mid
0,piece_11,3,-1,phrases/Legend_Of_Zelda_The_Majoras_Mask_TheMayorsOffice_3.mid
0,piece_11,4,-1,phrases/Legend_Of_Zelda_The_Majoras_Mask_TheMayorsOffice_4.mid
0,piece_11,5,-1,phrases/Legend_Of_Zelda_The_Majoras_Mask_TheMayorsOffice_5.mid
0,piece_11,6,-1,phrases/Legend_Of_Zelda_The_Majoras_Mask_TheMayorsOffice_6.mid
0,piece_11,7,-1,phrases/Legend_Of_Zelda_The_Majoras_Mask_TheMayorsOffice_7.mid
0,piece_11,8,-1,phrases/Legend_Of_Zelda_The_Majoras_Mask_TheMayorsOffice_8.mid
0,piece_11,9,-1,phrases/Legend_Of_Zelda_The_Majoras_Mask_TheMayorsOffice_9.mid
1,piece_14,0,-1,phrases/Super_Mario_World_EndingTheme_0.mid
1,piece_14,1,-1,phrases/Super_Mario_World_EndingTheme_1.mid
1,piece_14,2,-1,phrases/Super_Mario_World_EndingTheme_2.mid
1,piece_14,3,-1,phrases/Super_Mario_World_EndingTheme_3.mid
1,piece_14,4,-1,phrases/Super_Mario_World_EndingTheme_4.mid
1,piece_14,5,-1,phrases/Super_Mario_World_EndingTheme_5.mid
1,piece_14,6,-1,phrases/Super_Mario_World_EndingTheme_6.mid
1,piece_14,7,-1,phrases/Super_Mario_World_EndingTheme_7.mid
1,piece_14,8,-1,phrases/Super_Mario_World_EndingTheme_8.mid
1,piece_14,9,-1,phrases/Super_Mario_World_EndingTheme_9.mid
1,piece_14,10,-1,phrases/Super_Mario_World_EndingTheme_10.mid
1,piece_14,11,-1,phrases/Super_Mario_World_EndingTheme_11.mid
1,piece_14,12,-1,phrases/Super_Mario_World_EndingTheme_12.mid
1,piece_14,13,-1,phrases/Super_Mario_World_EndingTheme_13.mid
0,piece_15,0,-1,phrases/Super_Mario_World_Castle_0.mid
0,piece_15,1,-1,phrases/Super_Mario_World_Castle_1.mid
0,piece_15,2,-1,phrases/Super_Mario_World_Castle_2.mid
0,piece_15,3,-1,phrases/Super_Mario_World_Castle_3.mid
0,piece_15,4,-1,phrases/Super_Mario_World_Castle_4.mid
0,piece_15,5,-1,phrases/Super_Mario_World_Castle_5.mid
0,piece_15,6,-1,phrases/Super_Mario_World_Castle_6.mid
0,piece_15,7,-1,phrases/Super_Mario_World_Castle_7.mid
0,piece_15,8,-1,phrases/Super_Mario_World_Castle_8.mid
0,piece_15,9,-1,phrases/Super_Mario_World_Castle_9.mid
0,piece_15,10,-1,phrases/Super_Mario_World_Castle_10.mid
0,piece_15,11,-1,phrases/Super_Mario_World_Castle_11.mid
0,piece_15,12,-1,phrases/Super_Mario_World_Castle_12.mid
0,piece_15,13,-1,phrases/Super_Mario_World_Castle_13.mid
0,piece_15,14,-1,phrases/Super_Mario_World_Castle_14.mid
0,piece_15,15,-1,phrases/Super_Mario_World_Castle_15.mid
0,piece_15,16,-1,phrases/Super_Mario_World_Castle_16.mid
0,piece_15,17,-1,phrases/Super_Mario_World_Castle_17.mid
0,piece_15,18,-1,phrases/Super_Mario_World_Castle_18.mid
0,piece_15,19,-1,phrases/Super_Mario_World_Castle_19.mid
0,piece_15,20,-1,phrases/Super_Mario_World_Castle_20.mid
0,piece_15,21,-1,phrases/Super_Mario_World_Castle_21.mid
0,piece_15,22,-1,phrases/Super_Mario_World_Castle_22.mid
0,piece_15,23,-1,phrases/Super_Mario_World_Castle_23.mid
0,piece_16,0,-1,phrases/Goldeneye_Caverns_0.mid
0,piece_16,1,-1,phrases/Goldeneye_Caverns_1.mid
0,piece_16,2,-1,phrases/Goldeneye_Caverns_2.mid
0,piece_16,3,-1,phrases/Goldeneye_Caverns_3.mid
0,piece_16,4,-1,phrases/Goldeneye_Caverns_4.mid
0,piece_16,5,-1,phrases/Goldeneye_Caverns_5.mid
0,piece_16,6,-1,phrases/Goldeneye_Caverns_6.mid
0,piece_16,7,-1,phrases/Goldeneye_Caverns_7.mid
0,piece_16,8,-1,phrases/Goldeneye_Caverns_8.mid
0,piece_16,9,-1,phrases/Goldeneye_Caverns_9.mid
0,piece_16,10,-1,phrases/Goldeneye_Caverns_10.mid
0,piece_16,11,-1,phrases/Goldeneye_Caverns_11.mid
0,piece_16,12,-1,phrases/Goldeneye_Caverns_12.mid
0,piece_16,13,-1,phrases/Goldeneye_Caverns_13.mid
0,piece_16,14,-1,phrases/Goldeneye_Caverns_14.mid
0,piece_16,15,-1,phrases/Goldeneye_Caverns_15.mid
0,piece_17,0,-1,phrases/Final_Fantasy_7_OnThatDay5YearsAgo_0.mid
0,piece_17,1,-1,phrases/Final_Fantasy_7_OnThatDay5YearsAgo_1.mid
0,piece_17,2,-1,phrases/Final_Fantasy_7_OnThatDay5YearsAgo_2.mid
0,piece_17,3,-1,phrases/Final_Fantasy_7_OnThatDay5YearsAgo_3.mid
0,piece_17,4,-1,phrases/Final_Fantasy_7_OnThatDay5YearsAgo_4.mid
0,piece_17,5,-1,phrases/Final_Fantasy_7_OnThatDay5YearsAgo_5.mid
0,piece_17,6,-1,phrases/Final_Fantasy_7_OnThatDay5YearsAgo_6.mid
0,piece_17,7,-1,phrases/Final_Fantasy_7_OnThatDay5YearsAgo_7.mid
0,piece_17,8,-1,phrases/Final_Fantasy_7_OnThatDay5YearsAgo_8.mid
0,piece_17,9,-1,phrases/Final_Fantasy_7_OnThatDay5YearsAgo_9.mid
0,piece_17,10,-1,phrases/Final_Fantasy_7_OnThatDay5YearsAgo_10.mid
0,piece_17,11,-1,phrases/Final_Fantasy_7_OnThatDay5YearsAgo_11.mid
0,piece_17,12,-1,phrases/Final_Fantasy_7_OnThatDay5YearsAgo_12.mid
1,piece_20,0,-1,phrases/Legend_Of_Zelda_The_Ocarina_Of_Time_SariasSong_0.mid
1,piece_20,1,-1,phrases/Legend_Of_Zelda_The_Ocarina_Of_Time_SariasSong_1.mid
1,piece_20,2,-1,phrases/Legend_Of_Zelda_The_Ocarina_Of_Time_SariasSong_2.mid
1,piece_20,3,-1,phrases/Legend_Of_Zelda_The_Ocarina_Of_Time_SariasSong_3.mid
1,piece_20,4,-1,phrases/Legend_Of_Zelda_The_Ocarina_Of_Time_SariasSong_4.mid
1,piece_20,5,-1,phrases/Legend_Of_Zelda_The_Ocarina_Of_Time_SariasSong_5.mid
1,piece_20,6,-1,phrases/Legend_Of_Zelda_The_Ocarina_Of_Time_SariasSong_6.mid
1,piece_20,7,-1,phrases/Legend_Of_Zelda_The_Ocarina_Of_Time_SariasSong_7.mid
1,piece_20,8,-1,phrases/Legend_Of_Zelda_The_Ocarina_Of_Time_SariasSong_8.mid
1,piece_20,9,-1,phrases/Legend_Of_Zelda_The_Ocarina_Of_Time_SariasSong_9.mid
0,piece_25,0,-1,phrases/Final_Fantasy_7_TrailofBlood_0.mid
0,piece_25,1,-1,phrases/Final_Fantasy_7_TrailofBlood_1.mid
0,piece_25,2,-1,phrases/Final_Fantasy_7_TrailofBlood_2.mid
0,piece_25,3,-1,phrases/Final_Fantasy_7_TrailofBlood_3.mid
0,piece_25,4,-1,phrases/Final_Fantasy_7_TrailofBlood_4.mid
0,piece_25,5,-1,phrases/Final_Fantasy_7_TrailofBlood_5.mid
0,piece_25,6,-1,phrases/Final_Fantasy_7_TrailofBlood_6.mid
0,piece_25,7,-1,phrases/Final_Fantasy_7_TrailofBlood_7.mid
0,piece_25,8,-1,phrases/Final_Fantasy_7_TrailofBlood_8.mid
1,piece_26,0,-1,phrases/Final_Fantasy_7_SandyBadlands_0.mid
1,piece_26,1,-1,phrases/Final_Fantasy_7_SandyBadlands_1.mid
1,piece_26,2,-1,phrases/Final_Fantasy_7_SandyBadlands_2.mid
1,piece_26,3,-1,phrases/Final_Fantasy_7_SandyBadlands_3.mid
1,piece_26,4,-1,phrases/Final_Fantasy_7_SandyBadlands_4.mid
1,piece_26,5,-1,phrases/Final_Fantasy_7_SandyBadlands_5.mid
1,piece_26,6,-1,phrases/Final_Fantasy_7_SandyBadlands_6.mid
1,piece_26,7,-1,phrases/Final_Fantasy_7_SandyBadlands_7.mid
1,piece_26,8,-1,phrases/Final_Fantasy_7_SandyBadlands_8.mid
1,piece_26,9,-1,phrases/Final_Fantasy_7_SandyBadlands_9.mid
1,piece_26,10,-1,phrases/Final_Fantasy_7_SandyBadlands_10.mid
1,piece_26,11,-1,phrases/Final_Fantasy_7_SandyBadlands_11.mid
0,piece_28,0,-1,phrases/Final_Fantasy_7_LifeStream_0.mid
0,piece_28,1,-1,phrases/Final_Fantasy_7_LifeStream_1.mid
0,piece_28,2,-1,phrases/Final_Fantasy_7_LifeStream_2.mid
0,piece_28,3,-1,phrases/Final_Fantasy_7_LifeStream_3.mid
0,piece_28,4,-1,phrases/Final_Fantasy_7_LifeStream_4.mid
0,piece_28,5,-1,phrases/Final_Fantasy_7_LifeStream_5.mid
0,piece_28,6,-1,phrases/Final_Fantasy_7_LifeStream_6.mid
0,piece_28,7,-1,phrases/Final_Fantasy_7_LifeStream_7.mid
0,piece_28,8,-1,phrases/Final_Fantasy_7_LifeStream_8.mid
0,piece_28,9,-1,phrases/Final_Fantasy_7_LifeStream_9.mid
0,piece_28,10,-1,phrases/Final_Fantasy_7_LifeStream_10.mid
0,piece_28,11,-1,phrases/Final_Fantasy_7_LifeStream_11.mid
0,piece_28,12,-1,phrases/Final_Fantasy_7_LifeStream_12.mid
0,piece_28,13,-1,phrases/Final_Fantasy_7_LifeStream_13.mid
0,piece_28,14,-1,phrases/Final_Fantasy_7_LifeStream_14.mid
0,piece_28,15,-1,phrases/Final_Fantasy_7_LifeStream_15.mid
0,piece_28,16,-1,phrases/Final_Fantasy_7_LifeStream_16.mid
1,piece_29,0,-1,phrases/BanjoKazooie_BubblegloopSwamp_0.mid
1,piece_29,1,-1,phrases/BanjoKazooie_BubblegloopSwamp_1.mid
1,piece_29,2,-1,phrases/BanjoKazooie_BubblegloopSwamp_2.mid
1,piece_29,3,-1,phrases/BanjoKazooie_BubblegloopSwamp_3.mid
1,piece_29,4,-1,phrases/BanjoKazooie_BubblegloopSwamp_4.mid
1,piece_29,5,-1,phrases/BanjoKazooie_BubblegloopSwamp_5.mid
1,piece_29,6,-1,phrases/BanjoKazooie_BubblegloopSwamp_6.mid
1,piece_29,7,-1,phrases/BanjoKazooie_BubblegloopSwamp_7.mid
1,piece_29,8,-1,phrases/BanjoKazooie_BubblegloopSwamp_8.mid
1,piece_29,9,-1,phrases/BanjoKazooie_BubblegloopSwamp_9.mid
0,piece_31,0,-1,phrases/Legend_Of_Zelda_The_Ocarina_of_Time_TempleofTime_0.mid
0,piece_31,1,-1,phrases/Legend_Of_Zelda_The_Ocarina_of_Time_TempleofTime_1.mid
0,piece_31,2,-1,phrases/Legend_Of_Zelda_The_Ocarina_of_Time_TempleofTime_2.mid
0,piece_31,3,-1,phrases/Legend_Of_Zelda_The_Ocarina_of_Time_TempleofTime_3.mid
0,piece_31,4,-1,phrases/Legend_Of_Zelda_The_Ocarina_of_Time_TempleofTime_4.mid
0,piece_31,5,-1,phrases/Legend_Of_Zelda_The_Ocarina_of_Time_TempleofTime_5.mid
0,piece_31,6,-1,phrases/Legend_Of_Zelda_The_Ocarina_of_Time_TempleofTime_6.mid
0,piece_31,7,-1,phrases/Legend_Of_Zelda_The_Ocarina_of_Time_TempleofTime_7.mid
0,piece_31,8,-1,phrases/Legend_Of_Zelda_The_Ocarina_of_Time_TempleofTime_8.mid
0,piece_31,9,-1,phrases/Legend_Of_Zelda_The_Ocarina_of_Time_TempleofTime_9.mid
1,piece_32,0,-1,phrases/Legend_Of_Zelda_The_Ocarina_Of_Time_WindmillHut_0.mid
1,piece_32,1,-1,phrases/Legend_Of_Zelda_The_Ocarina_Of_Time_WindmillHut_1.mid
1,piece_32,2,-1,phrases/Legend_Of_Zelda_The_Ocarina_Of_Time_WindmillHut_2.mid
1,piece_32,3,-1,phrases/Legend_Of_Zelda_The_Ocarina_Of_Time_WindmillHut_3.mid
1,piece_32,4,-1,phrases/Legend_Of_Zelda_The_Ocarina_Of_Time_WindmillHut_4.mid
1,piece_32,5,-1,phrases/Legend_Of_Zelda_The_Ocarina_Of_Time_WindmillHut_5.mid
1,piece_32,6,-1,phrases/Legend_Of_Zelda_The_Ocarina_Of_Time_WindmillHut_6.mid
1,piece_32,7,-1,phrases/Legend_Of_Zelda_The_Ocarina_Of_Time_WindmillHut_7.mid
1,piece_32,8,-1,phrases/Legend_Of_Zelda_The_Ocarina_Of_Time_WindmillHut_8.mid
1,piece_34,0,-1,phrases/Shadow_of_the_Colossus_TheFarthestLand_0.mid
1,piece_34,1,-1,phrases/Shadow_of_the_Colossus_TheFarthestLand_1.mid
1,piece_34,2,-1,phrases/Shadow_of_the_Colossus_TheFarthestLand_2.mid
1,piece_34,3,-1,phrases/Shadow_of_the_Colossus_TheFarthestLand_3.mid
1,piece_34,4,-1,phrases/Shadow_of_the_Colossus_TheFarthestLand_4.mid
1,piece_34,5,-1,phrases/Shadow_of_the_Colossus_TheFarthestLand_5.mid
1,piece_34,6,-1,phrases/Shadow_of_the_Colossus_TheFarthestLand_6.mid
1,piece_34,7,-1,phrases/Shadow_of_the_Colossus_TheFarthestLand_7.mid
1,piece_34,8,-1,phrases/Shadow_of_the_Colossus_TheFarthestLand_8.mid
1,piece_34,9,-1,phrases/Shadow_of_the_Colossus_TheFarthestLand_9.mid
1,piece_34,10,-1,phrases/Shadow_of_the_Colossus_TheFarthestLand_10.mid
1,piece_34,11,-1,phrases/Shadow_of_the_Colossus_TheFarthestLand_11.mid
0,piece_35,0,-1,phrases/Super_Mario_64_KoopasTheme_0.mid
0,piece_35,1,-1,phrases/Super_Mario_64_KoopasTheme_1.mid
0,piece_35,2,-1,phrases/Super_Mario_64_KoopasTheme_2.mid
0,piece_35,3,-1,phrases/Super_Mario_64_KoopasTheme_3.mid
0,piece_35,4,-1,phrases/Super_Mario_64_KoopasTheme_4.mid
0,piece_35,5,-1,phrases/Super_Mario_64_KoopasTheme_5.mid
0,piece_35,6,-1,phrases/Super_Mario_64_KoopasTheme_6.mid
0,piece_35,7,-1,phrases/Super_Mario_64_KoopasTheme_7.mid
0,piece_35,8,-1,phrases/Super_Mario_64_KoopasTheme_8.mid
0,piece_35,9,-1,phrases/Super_Mario_64_KoopasTheme_9.mid
1,piece_37,0,-1,phrases/Final_Fantasy_7_AerithsTheme_0.mid
1,piece_37,1,-1,phrases/Final_Fantasy_7_AerithsTheme_1.mid
1,piece_37,2,-1,phrases/Final_Fantasy_7_AerithsTheme_2.mid
1,piece_37,3,-1,phrases/Final_Fantasy_7_AerithsTheme_3.mid
1,piece_37,4,-1,phrases/Final_Fantasy_7_AerithsTheme_4.mid
1,piece_37,5,-1,phrases/Final_Fantasy_7_AerithsTheme_5.mid
1,piece_37,6,-1,phrases/Final_Fantasy_7_AerithsTheme_6.mid
1,piece_37,7,-1,phrases/Final_Fantasy_7_AerithsTheme_7.mid
1,piece_37,8,-1,phrases/Final_Fantasy_7_AerithsTheme_8.mid
1,piece_37,9,-1,phrases/Final_Fantasy_7_AerithsTheme_9.mid
1,piece_38,0,-1,phrases/Super_Mario_Bros_MainTheme_0.mid
1,piece_38,1,-1,phrases/Super_Mario_Bros_MainTheme_1.mid
1,piece_38,2,-1,phrases/Super_Mario_Bros_MainTheme_2.mid
1,piece_38,3,-1,phrases/Super_Mario_Bros_MainTheme_3.mid
1,piece_38,4,-1,phrases/Super_Mario_Bros_MainTheme_4.mid
1,piece_38,5,-1,phrases/Super_Mario_Bros_MainTheme_5.mid
1,piece_38,6,-1,phrases/Super_Mario_Bros_MainTheme_6.mid
1,piece_38,7,-1,phrases/Super_Mario_Bros_MainTheme_7.mid
1,piece_38,8,-1,phrases/Super_Mario_Bros_MainTheme_8.mid
0,piece_39,0,-1,phrases/Final_Fantasy_7_MarkoftheTraitor_0.mid
0,piece_39,1,-1,phrases/Final_Fantasy_7_MarkoftheTraitor_1.mid
0,piece_39,2,-1,phrases/Final_Fantasy_7_MarkoftheTraitor_2.mid
0,piece_39,3,-1,phrases/Final_Fantasy_7_MarkoftheTraitor_3.mid
0,piece_39,4,-1,phrases/Final_Fantasy_7_MarkoftheTraitor_4.mid
0,piece_39,5,-1,phrases/Final_Fantasy_7_MarkoftheTraitor_5.mid
0,piece_39,6,-1,phrases/Final_Fantasy_7_MarkoftheTraitor_6.mid
0,piece_39,7,-1,phrases/Final_Fantasy_7_MarkoftheTraitor_7.mid
0,piece_39,8,-1,phrases/Final_Fantasy_7_MarkoftheTraitor_8.mid
0,piece_39,9,-1,phrases/Final_Fantasy_7_MarkoftheTraitor_9.mid
0,piece_39,10,-1,phrases/Final_Fantasy_7_MarkoftheTraitor_10.mid
1,piece_41,0,-1,phrases/Final_Fantasy_7_Tifa_0.mid
1,piece_41,1,-1,phrases/Final_Fantasy_7_Tifa_1.mid
1,piece_41,2,-1,phrases/Final_Fantasy_7_Tifa_2.mid
1,piece_41,3,-1,phrases/Final_Fantasy_7_Tifa_3.mid
1,piece_41,4,-1,phrases/Final_Fantasy_7_Tifa_4.mid
1,piece_41,5,-1,phrases/Final_Fantasy_7_Tifa_5.mid
1,piece_41,6,-1,phrases/Final_Fantasy_7_Tifa_6.mid
1,piece_41,7,-1,phrases/Final_Fantasy_7_Tifa_7.mid
1,piece_41,8,-1,phrases/Final_Fantasy_7_Tifa_8.mid
1,piece_41,9,-1,phrases/Final_Fantasy_7_Tifa_9.mid
1,piece_41,10,-1,phrases/Final_Fantasy_7_Tifa_10.mid
1,piece_41,11,-1,phrases/Final_Fantasy_7_Tifa_11.mid
1,piece_41,12,-1,phrases/Final_Fantasy_7_Tifa_12.mid
0,piece_42,0,-1,phrases/Final_Fantasy_7_WeaponRaid_0.mid
0,piece_42,1,-1,phrases/Final_Fantasy_7_WeaponRaid_1.mid
0,piece_42,2,-1,phrases/Final_Fantasy_7_WeaponRaid_2.mid
0,piece_42,3,-1,phrases/Final_Fantasy_7_WeaponRaid_3.mid
0,piece_42,4,-1,phrases/Final_Fantasy_7_WeaponRaid_4.mid
0,piece_42,5,-1,phrases/Final_Fantasy_7_WeaponRaid_5.mid
0,piece_42,6,-1,phrases/Final_Fantasy_7_WeaponRaid_6.mid
0,piece_42,7,-1,phrases/Final_Fantasy_7_WeaponRaid_7.mid
0,piece_42,8,-1,phrases/Final_Fantasy_7_WeaponRaid_8.mid
0,piece_42,9,-1,phrases/Final_Fantasy_7_WeaponRaid_9.mid
0,piece_44,0,-1,phrases/Final_Fantasy_7_ChasingTheBlackCapedMan_0.mid
0,piece_44,1,-1,phrases/Final_Fantasy_7_ChasingTheBlackCapedMan_1.mid
0,piece_44,2,-1,phrases/Final_Fantasy_7_ChasingTheBlackCapedMan_2.mid
0,piece_44,3,-1,phrases/Final_Fantasy_7_ChasingTheBlackCapedMan_3.mid
0,piece_44,4,-1,phrases/Final_Fantasy_7_ChasingTheBlackCapedMan_4.mid
0,piece_44,5,-1,phrases/Final_Fantasy_7_ChasingTheBlackCapedMan_5.mid
0,piece_44,6,-1,phrases/Final_Fantasy_7_ChasingTheBlackCapedMan_6.mid
0,piece_44,7,-1,phrases/Final_Fantasy_7_ChasingTheBlackCapedMan_7.mid
0,piece_44,8,-1,phrases/Final_Fantasy_7_ChasingTheBlackCapedMan_8.mid
0,piece_44,9,-1,phrases/Final_Fantasy_7_ChasingTheBlackCapedMan_9.mid
0,piece_44,10,-1,phrases/Final_Fantasy_7_ChasingTheBlackCapedMan_10.mid
0,piece_44,11,-1,phrases/Final_Fantasy_7_ChasingTheBlackCapedMan_11.mid
0,piece_44,12,-1,phrases/Final_Fantasy_7_ChasingTheBlackCapedMan_12.mid
0,piece_44,13,-1,phrases/Final_Fantasy_7_ChasingTheBlackCapedMan_13.mid
1,piece_45,0,-1,phrases/Final_Fantasy_7_CostaDelSol_0.mid
1,piece_45,1,-1,phrases/Final_Fantasy_7_CostaDelSol_1.mid
1,piece_45,2,-1,phrases/Final_Fantasy_7_CostaDelSol_2.mid
1,piece_45,3,-1,phrases/Final_Fantasy_7_CostaDelSol_3.mid
1,piece_45,4,-1,phrases/Final_Fantasy_7_CostaDelSol_4.mid
1,piece_45,5,-1,phrases/Final_Fantasy_7_CostaDelSol_5.mid
1,piece_45,6,-1,phrases/Final_Fantasy_7_CostaDelSol_6.mid
1,piece_45,7,-1,phrases/Final_Fantasy_7_CostaDelSol_7.mid
1,piece_46,0,-1,phrases/Shadow_of_the_Colossus_TheTaleofthe16Sacrifices_0.mid
1,piece_46,1,-1,phrases/Shadow_of_the_Colossus_TheTaleofthe16Sacrifices_1.mid
1,piece_46,2,-1,phrases/Shadow_of_the_Colossus_TheTaleofthe16Sacrifices_2.mid
1,piece_46,3,-1,phrases/Shadow_of_the_Colossus_TheTaleofthe16Sacrifices_3.mid
1,piece_46,4,-1,phrases/Shadow_of_the_Colossus_TheTaleofthe16Sacrifices_4.mid
1,piece_46,5,-1,phrases/Shadow_of_the_Colossus_TheTaleofthe16Sacrifices_5.mid
1,piece_46,6,-1,phrases/Shadow_of_the_Colossus_TheTaleofthe16Sacrifices_6.mid
1,piece_46,7,-1,phrases/Shadow_of_the_Colossus_TheTaleofthe16Sacrifices_7.mid
1,piece_46,8,-1,phrases/Shadow_of_the_Colossus_TheTaleofthe16Sacrifices_8.mid
1,piece_46,9,-1,phrases/Shadow_of_the_Colossus_TheTaleofthe16Sacrifices_9.mid
1,piece_46,10,-1,phrases/Shadow_of_the_Colossus_TheTaleofthe16Sacrifices_10.mid
1,piece_46,11,-1,phrases/Shadow_of_the_Colossus_TheTaleofthe16Sacrifices_11.mid
1,piece_46,12,-1,phrases/Shadow_of_the_Colossus_TheTaleofthe16Sacrifices_12.mid
1,piece_46,13,-1,phrases/Shadow_of_the_Colossus_TheTaleofthe16Sacrifices_13.mid
1,piece_46,14,-1,phrases/Shadow_of_the_Colossus_TheTaleofthe16Sacrifices_14.mid
0,piece_48,0,-1,phrases/Final_Fantasy_7_ItsDifficultToStandOnBothFeetIsntIt_0.mid
0,piece_48,1,-1,phrases/Final_Fantasy_7_ItsDifficultToStandOnBothFeetIsntIt_1.mid
0,piece_48,2,-1,phrases/Final_Fantasy_7_ItsDifficultToStandOnBothFeetIsntIt_2.mid
0,piece_48,3,-1,phrases/Final_Fantasy_7_ItsDifficultToStandOnBothFeetIsntIt_3.mid
0,piece_48,4,-1,phrases/Final_Fantasy_7_ItsDifficultToStandOnBothFeetIsntIt_4.mid
0,piece_48,5,-1,phrases/Final_Fantasy_7_ItsDifficultToStandOnBothFeetIsntIt_5.mid
0,piece_48,6,-1,phrases/Final_Fantasy_7_ItsDifficultToStandOnBothFeetIsntIt_6.mid
0,piece_48,7,-1,phrases/Final_Fantasy_7_ItsDifficultToStandOnBothFeetIsntIt_7.mid
0,piece_48,8,-1,phrases/Final_Fantasy_7_ItsDifficultToStandOnBothFeetIsntIt_8.mid
0,piece_48,9,-1,phrases/Final_Fantasy_7_ItsDifficultToStandOnBothFeetIsntIt_9.mid
0,piece_48,10,-1,phrases/Final_Fantasy_7_ItsDifficultToStandOnBothFeetIsntIt_10.mid
0,piece_48,11,-1,phrases/Final_Fantasy_7_ItsDifficultToStandOnBothFeetIsntIt_11.mid
0,piece_48,12,-1,phrases/Final_Fantasy_7_ItsDifficultToStandOnBothFeetIsntIt_12.mid
1,piece_48,13,-1,phrases/Final_Fantasy_7_ItsDifficultToStandOnBothFeetIsntIt_13.mid
1,piece_48,14,-1,phrases/Final_Fantasy_7_ItsDifficultToStandOnBothFeetIsntIt_14.mid
1,piece_49,0,-1,phrases/Super_Mario_World_Overworld2_0.mid
1,piece_49,1,-1,phrases/Super_Mario_World_Overworld2_1.mid
1,piece_49,2,-1,phrases/Super_Mario_World_Overworld2_2.mid
1,piece_49,3,-1,phrases/Super_Mario_World_Overworld2_3.mid
1,piece_49,4,-1,phrases/Super_Mario_World_Overworld2_4.mid
1,piece_49,5,-1,phrases/Super_Mario_World_Overworld2_5.mid
1,piece_49,6,-1,phrases/Super_Mario_World_Overworld2_6.mid
1,piece_49,7,-1,phrases/Super_Mario_World_Overworld2_7.mid
1,piece_49,8,-1,phrases/Super_Mario_World_Overworld2_8.mid
1,piece_49,9,-1,phrases/Super_Mario_World_Overworld2_9.mid
1,piece_49,10,-1,phrases/Super_Mario_World_Overworld2_10.mid
1,piece_49,11,-1,phrases/Super_Mario_World_Overworld2_11.mid
0,piece_50,0,-1,phrases/Goldeneye_Statue_0.mid
0,piece_50,1,-1,phrases/Goldeneye_Statue_1.mid
0,piece_50,2,-1,phrases/Goldeneye_Statue_2.mid
0,piece_50,3,-1,phrases/Goldeneye_Statue_3.mid
0,piece_50,4,-1,phrases/Goldeneye_Statue_4.mid
0,piece_50,5,-1,phrases/Goldeneye_Statue_5.mid
0,piece_50,6,-1,phrases/Goldeneye_Statue_6.mid
0,piece_50,7,-1,phrases/Goldeneye_Statue_7.mid
0,piece_50,8,-1,phrases/Goldeneye_Statue_8.mid
0,piece_50,9,-1,phrases/Goldeneye_Statue_9.mid
0,piece_50,10,-1,phrases/Goldeneye_Statue_10.mid
0,piece_50,11,-1,phrases/Goldeneye_Statue_11.mid
0,piece_50,12,-1,phrases/Goldeneye_Statue_12.mid
0,piece_50,13,-1,phrases/Goldeneye_Statue_13.mid
0,piece_50,14,-1,phrases/Goldeneye_Statue_14.mid
0,piece_50,15,-1,phrases/Goldeneye_Statue_15.mid
0,piece_50,16,-1,phrases/Goldeneye_Statue_16.mid
0,piece_50,17,-1,phrases/Goldeneye_Statue_17.mid
0,piece_50,18,-1,phrases/Goldeneye_Statue_18.mid
0,piece_50,19,-1,phrases/Goldeneye_Statue_19.mid
1,piece_51,0,-1,phrases/BanjoKazooie_MumbosMountain_0.mid
1,piece_51,1,-1,phrases/BanjoKazooie_MumbosMountain_1.mid
1,piece_51,2,-1,phrases/BanjoKazooie_MumbosMountain_2.mid
1,piece_51,3,-1,phrases/BanjoKazooie_MumbosMountain_3.mid
1,piece_51,4,-1,phrases/BanjoKazooie_MumbosMountain_4.mid
1,piece_51,5,-1,phrases/BanjoKazooie_MumbosMountain_5.mid
1,piece_51,6,-1,phrases/BanjoKazooie_MumbosMountain_6.mid
1,piece_51,7,-1,phrases/BanjoKazooie_MumbosMountain_7.mid
1,piece_51,8,-1,phrases/BanjoKazooie_MumbosMountain_8.mid
1,piece_51,9,-1,phrases/BanjoKazooie_MumbosMountain_9.mid
1,piece_51,10,-1,phrases/BanjoKazooie_MumbosMountain_10.mid
1,piece_51,11,-1,phrases/BanjoKazooie_MumbosMountain_11.mid
0,piece_52,0,-1,phrases/Shadow_of_the_Colossus_Prayer_0.mid
0,piece_52,1,-1,phrases/Shadow_of_the_Colossus_Prayer_1.mid
0,piece_52,2,-1,phrases/Shadow_of_the_Colossus_Prayer_2.mid
0,piece_52,3,-1,phrases/Shadow_of_the_Colossus_Prayer_3.mid
0,piece_52,4,-1,phrases/Shadow_of_the_Colossus_Prayer_4.mid
0,piece_52,5,-1,phrases/Shadow_of_the_Colossus_Prayer_5.mid
0,piece_52,6,-1,phrases/Shadow_of_the_Colossus_Prayer_6.mid
0,piece_52,7,-1,phrases/Shadow_of_the_Colossus_Prayer_7.mid
0,piece_52,8,-1,phrases/Shadow_of_the_Colossus_Prayer_8.mid
0,piece_52,9,-1,phrases/Shadow_of_the_Colossus_Prayer_9.mid
0,piece_52,10,-1,phrases/Shadow_of_the_Colossus_Prayer_10.mid
0,piece_52,11,-1,phrases/Shadow_of_the_Colossus_Prayer_11.mid
0,piece_54,0,-1,phrases/Final_Fantasy_7_WhoAreYou_0.mid
0,piece_54,1,-1,phrases/Final_Fantasy_7_WhoAreYou_1.mid
0,piece_54,2,-1,phrases/Final_Fantasy_7_WhoAreYou_2.mid
0,piece_54,3,-1,phrases/Final_Fantasy_7_WhoAreYou_3.mid
0,piece_54,4,-1,phrases/Final_Fantasy_7_WhoAreYou_4.mid
0,piece_54,5,-1,phrases/Final_Fantasy_7_WhoAreYou_5.mid
0,piece_54,6,-1,phrases/Final_Fantasy_7_WhoAreYou_6.mid
0,piece_54,7,-1,phrases/Final_Fantasy_7_WhoAreYou_7.mid
0,piece_54,8,-1,phrases/Final_Fantasy_7_WhoAreYou_8.mid
0,piece_54,9,-1,phrases/Final_Fantasy_7_WhoAreYou_9.mid
0,piece_56,0,-1,phrases/Final_Fantasy_7_VincentsTheme_0.mid
0,piece_56,1,-1,phrases/Final_Fantasy_7_VincentsTheme_1.mid
0,piece_56,2,-1,phrases/Final_Fantasy_7_VincentsTheme_2.mid
0,piece_56,3,-1,phrases/Final_Fantasy_7_VincentsTheme_3.mid
0,piece_56,4,-1,phrases/Final_Fantasy_7_VincentsTheme_4.mid
0,piece_56,5,-1,phrases/Final_Fantasy_7_VincentsTheme_5.mid
0,piece_56,6,-1,phrases/Final_Fantasy_7_VincentsTheme_6.mid
0,piece_56,7,-1,phrases/Final_Fantasy_7_VincentsTheme_7.mid
0,piece_56,8,-1,phrases/Final_Fantasy_7_VincentsTheme_8.mid
0,piece_56,9,-1,phrases/Final_Fantasy_7_VincentsTheme_9.mid
0,piece_56,10,-1,phrases/Final_Fantasy_7_VincentsTheme_10.mid
0,piece_56,11,-1,phrases/Final_Fantasy_7_VincentsTheme_11.mid
1,piece_60,0,-1,phrases/Super_Mario_World_Overworld_0.mid
1,piece_60,1,-1,phrases/Super_Mario_World_Overworld_1.mid
1,piece_60,2,-1,phrases/Super_Mario_World_Overworld_2.mid
1,piece_60,3,-1,phrases/Super_Mario_World_Overworld_3.mid
1,piece_60,4,-1,phrases/Super_Mario_World_Overworld_4.mid
1,piece_60,5,-1,phrases/Super_Mario_World_Overworld_5.mid
1,piece_60,6,-1,phrases/Super_Mario_World_Overworld_6.mid
1,piece_60,7,-1,phrases/Super_Mario_World_Overworld_7.mid
1,piece_60,8,-1,phrases/Super_Mario_World_Overworld_8.mid
1,piece_60,9,-1,phrases/Super_Mario_World_Overworld_9.mid
1,piece_60,10,-1,phrases/Super_Mario_World_Overworld_10.mid
1,piece_61,0,-1,phrases/Tetris_MusicA_0.mid
1,piece_61,1,-1,phrases/Tetris_MusicA_1.mid
1,piece_61,2,-1,phrases/Tetris_MusicA_2.mid
1,piece_61,3,-1,phrases/Tetris_MusicA_3.mid
1,piece_61,4,-1,phrases/Tetris_MusicA_4.mid
1,piece_61,5,-1,phrases/Tetris_MusicA_5.mid
1,piece_61,6,-1,phrases/Tetris_MusicA_6.mid
1,piece_61,7,-1,phrases/Tetris_MusicA_7.mid
1,piece_61,8,-1,phrases/Tetris_MusicA_8.mid
1,piece_61,9,-1,phrases/Tetris_MusicA_9.mid
1,piece_61,10,-1,phrases/Tetris_MusicA_10.mid
1,piece_61,11,-1,phrases/Tetris_MusicA_11.mid
1,piece_66,0,-1,phrases/BanjoKazooie_Ending_0.mid
1,piece_66,1,-1,phrases/BanjoKazooie_Ending_1.mid
1,piece_66,2,-1,phrases/BanjoKazooie_Ending_2.mid
1,piece_66,3,-1,phrases/BanjoKazooie_Ending_3.mid
1,piece_66,4,-1,phrases/BanjoKazooie_Ending_4.mid
1,piece_66,5,-1,phrases/BanjoKazooie_Ending_5.mid
1,piece_66,6,-1,phrases/BanjoKazooie_Ending_6.mid
1,piece_66,7,-1,phrases/BanjoKazooie_Ending_7.mid
1,piece_66,8,-1,phrases/BanjoKazooie_Ending_8.mid
0,piece_67,0,-1,phrases/Goldeneye_Runway_0.mid
0,piece_67,1,-1,phrases/Goldeneye_Runway_1.mid
0,piece_67,2,-1,phrases/Goldeneye_Runway_2.mid
0,piece_67,3,-1,phrases/Goldeneye_Runway_3.mid
0,piece_67,4,-1,phrases/Goldeneye_Runway_4.mid
0,piece_67,5,-1,phrases/Goldeneye_Runway_5.mid
0,piece_67,6,-1,phrases/Goldeneye_Runway_6.mid
0,piece_67,7,-1,phrases/Goldeneye_Runway_7.mid
0,piece_67,8,-1,phrases/Goldeneye_Runway_8.mid
0,piece_67,9,-1,phrases/Goldeneye_Runway_9.mid
0,piece_67,10,-1,phrases/Goldeneye_Runway_10.mid
0,piece_67,11,-1,phrases/Goldeneye_Runway_11.mid
0,piece_67,12,-1,phrases/Goldeneye_Runway_12.mid
0,piece_67,13,-1,phrases/Goldeneye_Runway_13.mid
0,piece_67,14,-1,phrases/Goldeneye_Runway_14.mid
0,piece_67,15,-1,phrases/Goldeneye_Runway_15.mid
0,piece_67,16,-1,phrases/Goldeneye_Runway_16.mid
0,piece_67,17,-1,phrases/Goldeneye_Runway_17.mid
0,piece_67,18,-1,phrases/Goldeneye_Runway_18.mid
0,piece_69,0,-1,phrases/Donkey_Kong_Country_2_BayouBoogie_0.mid
0,piece_69,1,-1,phrases/Donkey_Kong_Country_2_BayouBoogie_1.mid
0,piece_69,2,-1,phrases/Donkey_Kong_Country_2_BayouBoogie_2.mid
0,piece_69,3,-1,phrases/Donkey_Kong_Country_2_BayouBoogie_3.mid
0,piece_69,4,-1,phrases/Donkey_Kong_Country_2_BayouBoogie_4.mid
0,piece_69,5,-1,phrases/Donkey_Kong_Country_2_BayouBoogie_5.mid
0,piece_69,6,-1,phrases/Donkey_Kong_Country_2_BayouBoogie_6.mid
0,piece_69,7,-1,phrases/Donkey_Kong_Country_2_BayouBoogie_7.mid
0,piece_69,8,-1,phrases/Donkey_Kong_Country_2_BayouBoogie_8.mid
0,piece_69,9,-1,phrases/Donkey_Kong_Country_2_BayouBoogie_9.mid
0,piece_69,10,-1,phrases/Donkey_Kong_Country_2_BayouBoogie_10.mid
0,piece_70,0,-1,phrases/Shadow_of_the_Colossus_TheOpenedWay_0.mid
0,piece_70,1,-1,phrases/Shadow_of_the_Colossus_TheOpenedWay_1.mid
0,piece_70,2,-1,phrases/Shadow_of_the_Colossus_TheOpenedWay_2.mid
0,piece_70,3,-1,phrases/Shadow_of_the_Colossus_TheOpenedWay_3.mid
0,piece_70,4,-1,phrases/Shadow_of_the_Colossus_TheOpenedWay_4.mid
0,piece_70,5,-1,phrases/Shadow_of_the_Colossus_TheOpenedWay_5.mid
0,piece_70,6,-1,phrases/Shadow_of_the_Colossus_TheOpenedWay_6.mid
0,piece_70,7,-1,phrases/Shadow_of_the_Colossus_TheOpenedWay_7.mid
0,piece_70,8,-1,phrases/Shadow_of_the_Colossus_TheOpenedWay_8.mid
0,piece_70,9,-1,phrases/Shadow_of_the_Colossus_TheOpenedWay_9.mid
0,piece_70,10,-1,phrases/Shadow_of_the_Colossus_TheOpenedWay_10.mid
0,piece_70,11,-1,phrases/Shadow_of_the_Colossus_TheOpenedWay_11.mid
0,piece_70,12,-1,phrases/Shadow_of_the_Colossus_TheOpenedWay_12.mid
0,piece_70,13,-1,phrases/Shadow_of_the_Colossus_TheOpenedWay_13.mid
1,piece_74,0,-1,phrases/Super_Mario_64_SelectaFile_0.mid
1,piece_74,1,-1,phrases/Super_Mario_64_SelectaFile_1.mid
1,piece_74,2,-1,phrases/Super_Mario_64_SelectaFile_2.mid
1,piece_74,3,-1,phrases/Super_Mario_64_SelectaFile_3.mid
1,piece_74,4,-1,phrases/Super_Mario_64_SelectaFile_4.mid
1,piece_74,5,-1,phrases/Super_Mario_64_SelectaFile_5.mid
1,piece_74,6,-1,phrases/Super_Mario_64_SelectaFile_6.mid
1,piece_74,7,-1,phrases/Super_Mario_64_SelectaFile_7.mid
0,piece_76,0,-1,phrases/Goldeneye_Dam_0.mid
0,piece_76,1,-1,phrases/Goldeneye_Dam_1.mid
0,piece_76,2,-1,phrases/Goldeneye_Dam_2.mid
0,piece_76,3,-1,phrases/Goldeneye_Dam_3.mid
0,piece_76,4,-1,phrases/Goldeneye_Dam_4.mid
0,piece_76,5,-1,phrases/Goldeneye_Dam_5.mid
0,piece_76,6,-1,phrases/Goldeneye_Dam_6.mid
0,piece_76,7,-1,phrases/Goldeneye_Dam_7.mid
0,piece_76,8,-1,phrases/Goldeneye_Dam_8.mid
0,piece_76,9,-1,phrases/Goldeneye_Dam_9.mid
0,piece_76,10,-1,phrases/Goldeneye_Dam_10.mid
0,piece_76,11,-1,phrases/Goldeneye_Dam_11.mid
0,piece_76,12,-1,phrases/Goldeneye_Dam_12.mid
0,piece_76,13,-1,phrases/Goldeneye_Dam_13.mid
0,piece_76,14,-1,phrases/Goldeneye_Dam_14.mid
0,piece_76,15,-1,phrases/Goldeneye_Dam_15.mid
0,piece_77,0,-1,phrases/Final_Fantasy_7_AnxiousHeart_0.mid
0,piece_77,1,-1,phrases/Final_Fantasy_7_AnxiousHeart_1.mid
0,piece_77,2,-1,phrases/Final_Fantasy_7_AnxiousHeart_2.mid
0,piece_77,3,-1,phrases/Final_Fantasy_7_AnxiousHeart_3.mid
0,piece_77,4,-1,phrases/Final_Fantasy_7_AnxiousHeart_4.mid
0,piece_77,5,-1,phrases/Final_Fantasy_7_AnxiousHeart_5.mid
0,piece_77,6,-1,phrases/Final_Fantasy_7_AnxiousHeart_6.mid
0,piece_77,7,-1,phrases/Final_Fantasy_7_AnxiousHeart_7.mid
1,piece_78,0,-1,phrases/Super_Mario_Bros_Underwater_0.mid
1,piece_78,1,-1,phrases/Super_Mario_Bros_Underwater_1.mid
1,piece_78,2,-1,phrases/Super_Mario_Bros_Underwater_2.mid
1,piece_78,3,-1,phrases/Super_Mario_Bros_Underwater_3.mid
1,piece_78,4,-1,phrases/Super_Mario_Bros_Underwater_4.mid
1,piece_78,5,-1,phrases/Super_Mario_Bros_Underwater_5.mid
1,piece_78,6,-1,phrases/Super_Mario_Bros_Underwater_6.mid
1,piece_78,7,-1,phrases/Super_Mario_Bros_Underwater_7.mid
1,piece_78,8,-1,phrases/Super_Mario_Bros_Underwater_8.mid
1,piece_78,9,-1,phrases/Super_Mario_Bros_Underwater_9.mid
1,piece_78,10,-1,phrases/Super_Mario_Bros_Underwater_10.mid
1,piece_78,11,-1,phrases/Super_Mario_Bros_Underwater_11.mid
1,piece_81,0,-1,phrases/Donkey_Kong_Country_2_HotHeadBop_0.mid
1,piece_81,1,-1,phrases/Donkey_Kong_Country_2_HotHeadBop_1.mid
1,piece_81,2,-1,phrases/Donkey_Kong_Country_2_HotHeadBop_2.mid
1,piece_81,3,-1,phrases/Donkey_Kong_Country_2_HotHeadBop_3.mid
1,piece_81,4,-1,phrases/Donkey_Kong_Country_2_HotHeadBop_4.mid
1,piece_81,5,-1,phrases/Donkey_Kong_Country_2_HotHeadBop_5.mid
1,piece_81,6,-1,phrases/Donkey_Kong_Country_2_HotHeadBop_6.mid
1,piece_81,7,-1,phrases/Donkey_Kong_Country_2_HotHeadBop_7.mid
1,piece_81,8,-1,phrases/Donkey_Kong_Country_2_HotHeadBop_8.mid
1,piece_81,9,-1,phrases/Donkey_Kong_Country_2_HotHeadBop_9.mid
1,piece_81,10,-1,phrases/Donkey_Kong_Country_2_HotHeadBop_10.mid
1,piece_81,11,-1,phrases/Donkey_Kong_Country_2_HotHeadBop_11.mid
0,piece_82,0,-1,phrases/Final_Fantasy_7_FortressoftheCondor_0.mid
0,piece_82,1,-1,phrases/Final_Fantasy_7_FortressoftheCondor_1.mid
0,piece_82,2,-1,phrases/Final_Fantasy_7_FortressoftheCondor_2.mid
0,piece_82,3,-1,phrases/Final_Fantasy_7_FortressoftheCondor_3.mid
0,piece_82,4,-1,phrases/Final_Fantasy_7_FortressoftheCondor_4.mid
0,piece_82,5,-1,phrases/Final_Fantasy_7_FortressoftheCondor_5.mid
0,piece_82,6,-1,phrases/Final_Fantasy_7_FortressoftheCondor_6.mid
0,piece_82,7,-1,phrases/Final_Fantasy_7_FortressoftheCondor_7.mid
0,piece_82,8,-1,phrases/Final_Fantasy_7_FortressoftheCondor_8.mid
0,piece_82,9,-1,phrases/Final_Fantasy_7_FortressoftheCondor_9.mid
0,piece_82,10,-1,phrases/Final_Fantasy_7_FortressoftheCondor_10.mid
0,piece_82,11,-1,phrases/Final_Fantasy_7_FortressoftheCondor_11.mid
0,piece_82,12,-1,phrases/Final_Fantasy_7_FortressoftheCondor_12.mid
1,piece_83,0,-1,phrases/Donkey_Kong_Country_2_SnakeyChantey_0.mid
1,piece_83,1,-1,phrases/Donkey_Kong_Country_2_SnakeyChantey_1.mid
1,piece_83,2,-1,phrases/Donkey_Kong_Country_2_SnakeyChantey_2.mid
1,piece_83,3,-1,phrases/Donkey_Kong_Country_2_SnakeyChantey_3.mid
1,piece_83,4,-1,phrases/Donkey_Kong_Country_2_SnakeyChantey_4.mid
1,piece_83,5,-1,phrases/Donkey_Kong_Country_2_SnakeyChantey_5.mid
1,piece_83,6,-1,phrases/Donkey_Kong_Country_2_SnakeyChantey_6.mid
1,piece_83,7,-1,phrases/Donkey_Kong_Country_2_SnakeyChantey_7.mid
1,piece_83,8,-1,phrases/Donkey_Kong_Country_2_SnakeyChantey_8.mid
1,piece_83,9,-1,phrases/Donkey_Kong_Country_2_SnakeyChantey_9.mid
1,piece_84,0,-1,phrases/Legend_Of_Zelda_The_Ocarina_Of_Time_LostWoods_0.mid
1,piece_84,1,-1,phrases/Legend_Of_Zelda_The_Ocarina_Of_Time_LostWoods_1.mid
1,piece_84,2,-1,phrases/Legend_Of_Zelda_The_Ocarina_Of_Time_LostWoods_2.mid
1,piece_84,3,-1,phrases/Legend_Of_Zelda_The_Ocarina_Of_Time_LostWoods_3.mid
1,piece_84,4,-1,phrases/Legend_Of_Zelda_The_Ocarina_Of_Time_LostWoods_4.mid
1,piece_84,5,-1,phrases/Legend_Of_Zelda_The_Ocarina_Of_Time_LostWoods_5.mid
1,piece_84,6,-1,phrases/Legend_Of_Zelda_The_Ocarina_Of_Time_LostWoods_6.mid
1,piece_84,7,-1,phrases/Legend_Of_Zelda_The_Ocarina_Of_Time_LostWoods_7.mid
1,piece_84,8,-1,phrases/Legend_Of_Zelda_The_Ocarina_Of_Time_LostWoods_8.mid
1,piece_85,0,-1,phrases/Final_Fantasy_7_CincodeChocobo_0.mid
1,piece_85,1,-1,phrases/Final_Fantasy_7_CincodeChocobo_1.mid
1,piece_85,2,-1,phrases/Final_Fantasy_7_CincodeChocobo_2.mid
1,piece_85,3,-1,phrases/Final_Fantasy_7_CincodeChocobo_3.mid
1,piece_85,4,-1,phrases/Final_Fantasy_7_CincodeChocobo_4.mid
1,piece_85,5,-1,phrases/Final_Fantasy_7_CincodeChocobo_5.mid
1,piece_85,6,-1,phrases/Final_Fantasy_7_CincodeChocobo_6.mid
1,piece_85,7,-1,phrases/Final_Fantasy_7_CincodeChocobo_7.mid
1,piece_85,8,-1,phrases/Final_Fantasy_7_CincodeChocobo_8.mid
1,piece_85,9,-1,phrases/Final_Fantasy_7_CincodeChocobo_9.mid
1,piece_85,10,-1,phrases/Final_Fantasy_7_CincodeChocobo_10.mid
1,piece_85,11,-1,phrases/Final_Fantasy_7_CincodeChocobo_11.mid
1,piece_85,12,-1,phrases/Final_Fantasy_7_CincodeChocobo_12.mid
1,piece_85,13,-1,phrases/Final_Fantasy_7_CincodeChocobo_13.mid
1,piece_85,14,-1,phrases/Final_Fantasy_7_CincodeChocobo_14.mid
1,piece_86,0,-1,phrases/Donkey_Kong_Country_2_JibJig_0.mid
1,piece_86,1,-1,phrases/Donkey_Kong_Country_2_JibJig_1.mid
1,piece_86,2,-1,phrases/Donkey_Kong_Country_2_JibJig_2.mid
1,piece_86,3,-1,phrases/Donkey_Kong_Country_2_JibJig_3.mid
1,piece_86,4,-1,phrases/Donkey_Kong_Country_2_JibJig_4.mid
1,piece_86,5,-1,phrases/Donkey_Kong_Country_2_JibJig_5.mid
1,piece_86,6,-1,phrases/Donkey_Kong_Country_2_JibJig_6.mid
1,piece_86,7,-1,phrases/Donkey_Kong_Country_2_JibJig_7.mid
1,piece_86,8,-1,phrases/Donkey_Kong_Country_2_JibJig_8.mid
1,piece_86,9,-1,phrases/Donkey_Kong_Country_2_JibJig_9.mid
1,piece_86,10,-1,phrases/Donkey_Kong_Country_2_JibJig_10.mid
1,piece_87,0,-1,phrases/Legend_Of_Zelda_The_Ocarina_Of_Time_Introduction_0.mid
1,piece_87,1,-1,phrases/Legend_Of_Zelda_The_Ocarina_Of_Time_Introduction_1.mid
1,piece_87,2,-1,phrases/Legend_Of_Zelda_The_Ocarina_Of_Time_Introduction_2.mid
1,piece_87,3,-1,phrases/Legend_Of_Zelda_The_Ocarina_Of_Time_Introduction_3.mid
1,piece_87,4,-1,phrases/Legend_Of_Zelda_The_Ocarina_Of_Time_Introduction_4.mid
1,piece_87,5,-1,phrases/Legend_Of_Zelda_The_Ocarina_Of_Time_Introduction_5.mid
1,piece_87,6,-1,phrases/Legend_Of_Zelda_The_Ocarina_Of_Time_Introduction_6.mid
1,piece_87,7,-1,phrases/Legend_Of_Zelda_The_Ocarina_Of_Time_Introduction_7.mid
1,piece_87,8,-1,phrases/Legend_Of_Zelda_The_Ocarina_Of_Time_Introduction_8.mid
1,piece_87,9,-1,phrases/Legend_Of_Zelda_The_Ocarina_Of_Time_Introduction_9.mid
0,piece_88,0,-1,phrases/Final_Fantasy_7_TheNightmareBegins_0.mid
0,piece_88,1,-1,phrases/Final_Fantasy_7_TheNightmareBegins_1.mid
0,piece_88,2,-1,phrases/Final_Fantasy_7_TheNightmareBegins_2.mid
0,piece_88,3,-1,phrases/Final_Fantasy_7_TheNightmareBegins_3.mid
0,piece_88,4,-1,phrases/Final_Fantasy_7_TheNightmareBegins_4.mid
0,piece_88,5,-1,phrases/Final_Fantasy_7_TheNightmareBegins_5.mid
0,piece_88,6,-1,phrases/Final_Fantasy_7_TheNightmareBegins_6.mid
0,piece_88,7,-1,phrases/Final_Fantasy_7_TheNightmareBegins_7.mid
0,piece_88,8,-1,phrases/Final_Fantasy_7_TheNightmareBegins_8.mid
0,piece_88,9,-1,phrases/Final_Fantasy_7_TheNightmareBegins_9.mid
0,piece_88,10,-1,phrases/Final_Fantasy_7_TheNightmareBegins_10.mid
0,piece_88,11,-1,phrases/Final_Fantasy_7_TheNightmareBegins_11.mid
0,piece_88,12,-1,phrases/Final_Fantasy_7_TheNightmareBegins_12.mid
0,piece_88,13,-1,phrases/Final_Fantasy_7_TheNightmareBegins_13.mid
1,piece_89,0,-1,phrases/Final_Fantasy_7_RufussWelcomingCeremony_0.mid
1,piece_89,1,-1,phrases/Final_Fantasy_7_RufussWelcomingCeremony_1.mid
1,piece_89,2,-1,phrases/Final_Fantasy_7_RufussWelcomingCeremony_2.mid
1,piece_89,3,-1,phrases/Final_Fantasy_7_RufussWelcomingCeremony_3.mid
1,piece_89,4,-1,phrases/Final_Fantasy_7_RufussWelcomingCeremony_4.mid
1,piece_89,5,-1,phrases/Final_Fantasy_7_RufussWelcomingCeremony_5.mid
1,piece_89,6,-1,phrases/Final_Fantasy_7_RufussWelcomingCeremony_6.mid
1,piece_89,7,-1,phrases/Final_Fantasy_7_RufussWelcomingCeremony_7.mid
1,piece_89,8,-1,phrases/Final_Fantasy_7_RufussWelcomingCeremony_8.mid
1,piece_89,9,-1,phrases/Final_Fantasy_7_RufussWelcomingCeremony_9.mid
1,piece_89,10,-1,phrases/Final_Fantasy_7_RufussWelcomingCeremony_10.mid
1,piece_89,11,-1,phrases/Final_Fantasy_7_RufussWelcomingCeremony_11.mid
1,piece_89,12,-1,phrases/Final_Fantasy_7_RufussWelcomingCeremony_12.mid
1,piece_89,13,-1,phrases/Final_Fantasy_7_RufussWelcomingCeremony_13.mid
1,piece_89,14,-1,phrases/Final_Fantasy_7_RufussWelcomingCeremony_14.mid
1,piece_91,0,-1,phrases/BanjoKazooie_GobisValley_0.mid
1,piece_91,1,-1,phrases/BanjoKazooie_GobisValley_1.mid
1,piece_91,2,-1,phrases/BanjoKazooie_GobisValley_2.mid
1,piece_91,3,-1,phrases/BanjoKazooie_GobisValley_3.mid
1,piece_91,4,-1,phrases/BanjoKazooie_GobisValley_4.mid
1,piece_91,5,-1,phrases/BanjoKazooie_GobisValley_5.mid
1,piece_91,6,-1,phrases/BanjoKazooie_GobisValley_6.mid
1,piece_91,7,-1,phrases/BanjoKazooie_GobisValley_7.mid
1,piece_91,8,-1,phrases/BanjoKazooie_GobisValley_8.mid
1,piece_91,9,-1,phrases/BanjoKazooie_GobisValley_9.mid
1,piece_91,10,-1,phrases/BanjoKazooie_GobisValley_10.mid
1,piece_91,11,-1,phrases/BanjoKazooie_GobisValley_11.mid
1,piece_91,12,-1,phrases/BanjoKazooie_GobisValley_12.mid
1,piece_91,13,-1,phrases/BanjoKazooie_GobisValley_13.mid
1,piece_91,14,-1,phrases/BanjoKazooie_GobisValley_14.mid
1,piece_91,15,-1,phrases/BanjoKazooie_GobisValley_15.mid
0,piece_93,0,-1,phrases/BanjoKazooie_MadMonsterMansion_0.mid
0,piece_93,1,-1,phrases/BanjoKazooie_MadMonsterMansion_1.mid
0,piece_93,2,-1,phrases/BanjoKazooie_MadMonsterMansion_2.mid
0,piece_93,3,-1,phrases/BanjoKazooie_MadMonsterMansion_3.mid
0,piece_93,4,-1,phrases/BanjoKazooie_MadMonsterMansion_4.mid
0,piece_93,5,-1,phrases/BanjoKazooie_MadMonsterMansion_5.mid
0,piece_93,6,-1,phrases/BanjoKazooie_MadMonsterMansion_6.mid
0,piece_93,7,-1,phrases/BanjoKazooie_MadMonsterMansion_7.mid
0,piece_93,8,-1,phrases/BanjoKazooie_MadMonsterMansion_8.mid
0,piece_93,9,-1,phrases/BanjoKazooie_MadMonsterMansion_9.mid
0,piece_96,0,-1,phrases/Star_Fox_Venom_0.mid
0,piece_96,1,-1,phrases/Star_Fox_Venom_1.mid
0,piece_96,2,-1,phrases/Star_Fox_Venom_2.mid
0,piece_96,3,-1,phrases/Star_Fox_Venom_3.mid
0,piece_96,4,-1,phrases/Star_Fox_Venom_4.mid
0,piece_96,5,-1,phrases/Star_Fox_Venom_5.mid
0,piece_96,6,-1,phrases/Star_Fox_Venom_6.mid
0,piece_96,7,-1,phrases/Star_Fox_Venom_7.mid
1,piece_97,0,-1,phrases/Battle_of_Olympus_OrpheusJourneyArranged_0.mid
1,piece_97,1,-1,phrases/Battle_of_Olympus_OrpheusJourneyArranged_1.mid
1,piece_97,2,-1,phrases/Battle_of_Olympus_OrpheusJourneyArranged_2.mid
1,piece_97,3,-1,phrases/Battle_of_Olympus_OrpheusJourneyArranged_3.mid
1,piece_97,4,-1,phrases/Battle_of_Olympus_OrpheusJourneyArranged_4.mid
1,piece_97,5,-1,phrases/Battle_of_Olympus_OrpheusJourneyArranged_5.mid
1,piece_97,6,-1,phrases/Battle_of_Olympus_OrpheusJourneyArranged_6.mid
1,piece_97,7,-1,phrases/Battle_of_Olympus_OrpheusJourneyArranged_7.mid
1,piece_97,8,-1,phrases/Battle_of_Olympus_OrpheusJourneyArranged_8.mid
1,piece_97,9,-1,phrases/Battle_of_Olympus_OrpheusJourneyArranged_9.mid
1,piece_97,10,-1,phrases/Battle_of_Olympus_OrpheusJourneyArranged_10.mid
1,piece_97,11,-1,phrases/Battle_of_Olympus_OrpheusJourneyArranged_11.mid
1,piece_97,12,-1,phrases/Battle_of_Olympus_OrpheusJourneyArranged_12.mid
1,piece_97,13,-1,phrases/Battle_of_Olympus_OrpheusJourneyArranged_13.mid
1,piece_98,0,-1,phrases/Xenogears_BondsofSeaandFire_0.mid
1,piece_98,1,-1,phrases/Xenogears_BondsofSeaandFire_1.mid
1,piece_98,2,-1,phrases/Xenogears_BondsofSeaandFire_2.mid
1,piece_98,3,-1,phrases/Xenogears_BondsofSeaandFire_3.mid
1,piece_98,4,-1,phrases/Xenogears_BondsofSeaandFire_4.mid
1,piece_98,5,-1,phrases/Xenogears_BondsofSeaandFire_5.mid
1,piece_98,6,-1,phrases/Xenogears_BondsofSeaandFire_6.mid
0,piece_99,0,-1,phrases/BanjoTooie_ChillyWillyChilliBilli_0.mid
0,piece_99,1,-1,phrases/BanjoTooie_ChillyWillyChilliBilli_1.mid
0,piece_99,2,-1,phrases/BanjoTooie_ChillyWillyChilliBilli_2.mid
0,piece_99,3,-1,phrases/BanjoTooie_ChillyWillyChilliBilli_3.mid
0,piece_99,4,-1,phrases/BanjoTooie_ChillyWillyChilliBilli_4.mid
0,piece_99,5,-1,phrases/BanjoTooie_ChillyWillyChilliBilli_5.mid
0,piece_99,7,-1,phrases/BanjoTooie_ChillyWillyChilliBilli_7.mid
0,piece_99,8,-1,phrases/BanjoTooie_ChillyWillyChilliBilli_8.mid
0,piece_99,9,-1,phrases/BanjoTooie_ChillyWillyChilliBilli_9.mid
1,piece_100,0,-1,phrases/Chrono_Trigger_SecretoftheForest_0.mid
1,piece_100,1,-1,phrases/Chrono_Trigger_SecretoftheForest_1.mid
1,piece_100,2,-1,phrases/Chrono_Trigger_SecretoftheForest_2.mid
1,piece_100,3,-1,phrases/Chrono_Trigger_SecretoftheForest_3.mid
1,piece_100,4,-1,phrases/Chrono_Trigger_SecretoftheForest_4.mid
1,piece_100,5,-1,phrases/Chrono_Trigger_SecretoftheForest_5.mid
1,piece_100,6,-1,phrases/Chrono_Trigger_SecretoftheForest_6.mid
1,piece_100,7,-1,phrases/Chrono_Trigger_SecretoftheForest_7.mid
1,piece_100,8,-1,phrases/Chrono_Trigger_SecretoftheForest_8.mid
1,piece_100,9,-1,phrases/Chrono_Trigger_SecretoftheForest_9.mid
1,piece_101,0,-1,phrases/Xenogears_TheWoundedShallAdvanceIntotheLight_0.mid
1,piece_101,1,-1,phrases/Xenogears_TheWoundedShallAdvanceIntotheLight_1.mid
1,piece_101,2,-1,phrases/Xenogears_TheWoundedShallAdvanceIntotheLight_2.mid
1,piece_101,3,-1,phrases/Xenogears_TheWoundedShallAdvanceIntotheLight_3.mid
1,piece_101,4,-1,phrases/Xenogears_TheWoundedShallAdvanceIntotheLight_4.mid
1,piece_101,5,-1,phrases/Xenogears_TheWoundedShallAdvanceIntotheLight_5.mid
1,piece_101,6,-1,phrases/Xenogears_TheWoundedShallAdvanceIntotheLight_6.mid
1,piece_101,7,-1,phrases/Xenogears_TheWoundedShallAdvanceIntotheLight_7.mid
0,piece_105,0,-1,phrases/Battle_of_Olympus_APrayertoZeus_0.mid
0,piece_105,1,-1,phrases/Battle_of_Olympus_APrayertoZeus_1.mid
0,piece_105,2,-1,phrases/Battle_of_Olympus_APrayertoZeus_2.mid
0,piece_105,3,-1,phrases/Battle_of_Olympus_APrayertoZeus_3.mid
0,piece_105,4,-1,phrases/Battle_of_Olympus_APrayertoZeus_4.mid
0,piece_105,5,-1,phrases/Battle_of_Olympus_APrayertoZeus_5.mid
0,piece_105,6,-1,phrases/Battle_of_Olympus_APrayertoZeus_6.mid
0,piece_105,7,-1,phrases/Battle_of_Olympus_APrayertoZeus_7.mid
0,piece_105,8,-1,phrases/Battle_of_Olympus_APrayertoZeus_8.mid
0,piece_105,9,-1,phrases/Battle_of_Olympus_APrayertoZeus_9.mid
0,piece_105,10,-1,phrases/Battle_of_Olympus_APrayertoZeus_10.mid
0,piece_105,11,-1,phrases/Battle_of_Olympus_APrayertoZeus_11.mid
0,piece_105,12,-1,phrases/Battle_of_Olympus_APrayertoZeus_12.mid
0,piece_105,13,-1,phrases/Battle_of_Olympus_APrayertoZeus_13.mid
1,piece_109,0,-1,phrases/Xenogears_GatheringStarsIntheNightSky_0.mid
1,piece_109,1,-1,phrases/Xenogears_GatheringStarsIntheNightSky_1.mid
1,piece_109,2,-1,phrases/Xenogears_GatheringStarsIntheNightSky_2.mid
1,piece_109,3,-1,phrases/Xenogears_GatheringStarsIntheNightSky_3.mid
1,piece_109,4,-1,phrases/Xenogears_GatheringStarsIntheNightSky_4.mid
1,piece_109,5,-1,phrases/Xenogears_GatheringStarsIntheNightSky_5.mid
0,piece_110,0,-1,phrases/Final_Fantasy_7_OneWingedAngelRebornArrangement_0.mid
0,piece_110,1,-1,phrases/Final_Fantasy_7_OneWingedAngelRebornArrangement_1.mid
0,piece_110,2,-1,phrases/Final_Fantasy_7_OneWingedAngelRebornArrangement_2.mid
0,piece_110,3,-1,phrases/Final_Fantasy_7_OneWingedAngelRebornArrangement_3.mid
0,piece_110,4,-1,phrases/Final_Fantasy_7_OneWingedAngelRebornArrangement_4.mid
0,piece_110,5,-1,phrases/Final_Fantasy_7_OneWingedAngelRebornArrangement_5.mid
0,piece_110,6,-1,phrases/Final_Fantasy_7_OneWingedAngelRebornArrangement_6.mid
0,piece_110,7,-1,phrases/Final_Fantasy_7_OneWingedAngelRebornArrangement_7.mid
0,piece_110,8,-1,phrases/Final_Fantasy_7_OneWingedAngelRebornArrangement_8.mid
0,piece_110,9,-1,phrases/Final_Fantasy_7_OneWingedAngelRebornArrangement_9.mid
0,piece_110,10,-1,phrases/Final_Fantasy_7_OneWingedAngelRebornArrangement_10.mid
0,piece_110,11,-1,phrases/Final_Fantasy_7_OneWingedAngelRebornArrangement_11.mid
0,piece_110,12,-1,phrases/Final_Fantasy_7_OneWingedAngelRebornArrangement_12.mid
0,piece_110,13,-1,phrases/Final_Fantasy_7_OneWingedAngelRebornArrangement_13.mid
0,piece_110,14,-1,phrases/Final_Fantasy_7_OneWingedAngelRebornArrangement_14.mid
0,piece_110,15,-1,phrases/Final_Fantasy_7_OneWingedAngelRebornArrangement_15.mid
0,piece_110,16,-1,phrases/Final_Fantasy_7_OneWingedAngelRebornArrangement_16.mid
0,piece_110,17,-1,phrases/Final_Fantasy_7_OneWingedAngelRebornArrangement_17.mid
0,piece_110,18,-1,phrases/Final_Fantasy_7_OneWingedAngelRebornArrangement_18.mid
0,piece_110,19,-1,phrases/Final_Fantasy_7_OneWingedAngelRebornArrangement_19.mid
0,piece_110,20,-1,phrases/Final_Fantasy_7_OneWingedAngelRebornArrangement_20.mid
0,piece_110,21,-1,phrases/Final_Fantasy_7_OneWingedAngelRebornArrangement_21.mid
0,piece_110,22,-1,phrases/Final_Fantasy_7_OneWingedAngelRebornArrangement_22.mid
0,piece_110,23,-1,phrases/Final_Fantasy_7_OneWingedAngelRebornArrangement_23.mid
0,piece_110,24,-1,phrases/Final_Fantasy_7_OneWingedAngelRebornArrangement_24.mid
0,piece_110,25,-1,phrases/Final_Fantasy_7_OneWingedAngelRebornArrangement_25.mid
0,piece_110,26,-1,phrases/Final_Fantasy_7_OneWingedAngelRebornArrangement_26.mid
0,piece_110,27,-1,phrases/Final_Fantasy_7_OneWingedAngelRebornArrangement_27.mid
0,piece_110,28,-1,phrases/Final_Fantasy_7_OneWingedAngelRebornArrangement_28.mid
0,piece_110,29,-1,phrases/Final_Fantasy_7_OneWingedAngelRebornArrangement_29.mid
0,piece_110,30,-1,phrases/Final_Fantasy_7_OneWingedAngelRebornArrangement_30.mid
0,piece_110,31,-1,phrases/Final_Fantasy_7_OneWingedAngelRebornArrangement_31.mid
0,piece_110,32,-1,phrases/Final_Fantasy_7_OneWingedAngelRebornArrangement_32.mid
1,piece_111,0,-1,phrases/Secret_of_Mana_TheHolyIntruder_0.mid
1,piece_111,1,-1,phrases/Secret_of_Mana_TheHolyIntruder_1.mid
1,piece_111,2,-1,phrases/Secret_of_Mana_TheHolyIntruder_2.mid
1,piece_111,3,-1,phrases/Secret_of_Mana_TheHolyIntruder_3.mid
1,piece_111,4,-1,phrases/Secret_of_Mana_TheHolyIntruder_4.mid
1,piece_111,5,-1,phrases/Secret_of_Mana_TheHolyIntruder_5.mid
1,piece_111,6,-1,phrases/Secret_of_Mana_TheHolyIntruder_6.mid
1,piece_111,7,-1,phrases/Secret_of_Mana_TheHolyIntruder_7.mid
1,piece_111,8,-1,phrases/Secret_of_Mana_TheHolyIntruder_8.mid
1,piece_114,0,-1,phrases/Aion_Tower_of_Eternity_MainTheme_0.mid
1,piece_114,1,-1,phrases/Aion_Tower_of_Eternity_MainTheme_1.mid
1,piece_114,2,-1,phrases/Aion_Tower_of_Eternity_MainTheme_2.mid
1,piece_114,3,-1,phrases/Aion_Tower_of_Eternity_MainTheme_3.mid
1,piece_114,4,-1,phrases/Aion_Tower_of_Eternity_MainTheme_4.mid
1,piece_114,5,-1,phrases/Aion_Tower_of_Eternity_MainTheme_5.mid
1,piece_114,6,-1,phrases/Aion_Tower_of_Eternity_MainTheme_6.mid
1,piece_114,7,-1,phrases/Aion_Tower_of_Eternity_MainTheme_7.mid
1,piece_114,8,-1,phrases/Aion_Tower_of_Eternity_MainTheme_8.mid
1,piece_114,9,-1,phrases/Aion_Tower_of_Eternity_MainTheme_9.mid
1,piece_114,10,-1,phrases/Aion_Tower_of_Eternity_MainTheme_10.mid
1,piece_114,11,-1,phrases/Aion_Tower_of_Eternity_MainTheme_11.mid
1,piece_114,12,-1,phrases/Aion_Tower_of_Eternity_MainTheme_12.mid
1,piece_114,13,-1,phrases/Aion_Tower_of_Eternity_MainTheme_13.mid
1,piece_114,14,-1,phrases/Aion_Tower_of_Eternity_MainTheme_14.mid
1,piece_114,15,-1,phrases/Aion_Tower_of_Eternity_MainTheme_15.mid
1,piece_114,16,-1,phrases/Aion_Tower_of_Eternity_MainTheme_16.mid
1,piece_114,17,-1,phrases/Aion_Tower_of_Eternity_MainTheme_17.mid
0,piece_116,0,-1,phrases/Secret_of_Mana_Danger_0.mid
0,piece_116,1,-1,phrases/Secret_of_Mana_Danger_1.mid
0,piece_116,2,-1,phrases/Secret_of_Mana_Danger_2.mid
0,piece_116,3,-1,phrases/Secret_of_Mana_Danger_3.mid
0,piece_116,4,-1,phrases/Secret_of_Mana_Danger_4.mid
0,piece_116,5,-1,phrases/Secret_of_Mana_Danger_5.mid
0,piece_116,6,-1,phrases/Secret_of_Mana_Danger_6.mid
0,piece_116,7,-1,phrases/Secret_of_Mana_Danger_7.mid
0,piece_116,8,-1,phrases/Secret_of_Mana_Danger_8.mid
0,piece_116,9,-1,phrases/Secret_of_Mana_Danger_9.mid
0,piece_116,10,-1,phrases/Secret_of_Mana_Danger_10.mid
0,piece_116,11,-1,phrases/Secret_of_Mana_Danger_11.mid
0,piece_116,12,-1,phrases/Secret_of_Mana_Danger_12.mid
0,piece_116,13,-1,phrases/Secret_of_Mana_Danger_13.mid
0,piece_116,14,-1,phrases/Secret_of_Mana_Danger_14.mid
0,piece_116,15,-1,phrases/Secret_of_Mana_Danger_15.mid
0,piece_116,16,-1,phrases/Secret_of_Mana_Danger_16.mid
0,piece_116,17,-1,phrases/Secret_of_Mana_Danger_17.mid
0,piece_116,18,-1,phrases/Secret_of_Mana_Danger_18.mid
0,piece_116,19,-1,phrases/Secret_of_Mana_Danger_19.mid
0,piece_116,20,-1,phrases/Secret_of_Mana_Danger_20.mid
0,piece_116,21,-1,phrases/Secret_of_Mana_Danger_21.mid
0,piece_116,22,-1,phrases/Secret_of_Mana_Danger_22.mid
0,piece_116,23,-1,phrases/Secret_of_Mana_Danger_23.mid
0,piece_116,24,-1,phrases/Secret_of_Mana_Danger_24.mid
0,piece_116,25,-1,phrases/Secret_of_Mana_Danger_25.mid
0,piece_116,26,-1,phrases/Secret_of_Mana_Danger_26.mid
0,piece_116,27,-1,phrases/Secret_of_Mana_Danger_27.mid
0,piece_116,28,-1,phrases/Secret_of_Mana_Danger_28.mid
0,piece_116,29,-1,phrases/Secret_of_Mana_Danger_29.mid
0,piece_116,30,-1,phrases/Secret_of_Mana_Danger_30.mid
0,piece_116,31,-1,phrases/Secret_of_Mana_Danger_31.mid
0,piece_116,32,-1,phrases/Secret_of_Mana_Danger_32.mid
0,piece_116,33,-1,phrases/Secret_of_Mana_Danger_33.mid
0,piece_116,34,-1,phrases/Secret_of_Mana_Danger_34.mid
0,piece_116,35,-1,phrases/Secret_of_Mana_Danger_35.mid
0,piece_116,36,-1,phrases/Secret_of_Mana_Danger_36.mid
0,piece_116,37,-1,phrases/Secret_of_Mana_Danger_37.mid
0,piece_116,38,-1,phrases/Secret_of_Mana_Danger_38.mid
0,piece_116,39,-1,phrases/Secret_of_Mana_Danger_39.mid
0,piece_116,40,-1,phrases/Secret_of_Mana_Danger_40.mid
0,piece_116,41,-1,phrases/Secret_of_Mana_Danger_41.mid
0,piece_116,42,-1,phrases/Secret_of_Mana_Danger_42.mid
0,piece_116,43,-1,phrases/Secret_of_Mana_Danger_43.mid
0,piece_116,44,-1,phrases/Secret_of_Mana_Danger_44.mid
0,piece_118,0,-1,phrases/World_of_Warcraft_-_Stormwind_by_Gori_Fater_0.mid
0,piece_118,1,-1,phrases/World_of_Warcraft_-_Stormwind_by_Gori_Fater_1.mid
0,piece_118,2,-1,phrases/World_of_Warcraft_-_Stormwind_by_Gori_Fater_2.mid
0,piece_118,3,-1,phrases/World_of_Warcraft_-_Stormwind_by_Gori_Fater_3.mid
0,piece_118,4,-1,phrases/World_of_Warcraft_-_Stormwind_by_Gori_Fater_4.mid
0,piece_118,5,-1,phrases/World_of_Warcraft_-_Stormwind_by_Gori_Fater_5.mid
0,piece_118,6,-1,phrases/World_of_Warcraft_-_Stormwind_by_Gori_Fater_6.mid
0,piece_118,7,-1,phrases/World_of_Warcraft_-_Stormwind_by_Gori_Fater_7.mid
0,piece_118,8,-1,phrases/World_of_Warcraft_-_Stormwind_by_Gori_Fater_8.mid
0,piece_120,0,-1,phrases/Star_Fox_Adventures_DarkIceMines_0.mid
0,piece_120,1,-1,phrases/Star_Fox_Adventures_DarkIceMines_1.mid
0,piece_120,2,-1,phrases/Star_Fox_Adventures_DarkIceMines_2.mid
0,piece_120,3,-1,phrases/Star_Fox_Adventures_DarkIceMines_3.mid
0,piece_120,4,-1,phrases/Star_Fox_Adventures_DarkIceMines_4.mid
0,piece_120,5,-1,phrases/Star_Fox_Adventures_DarkIceMines_5.mid
0,piece_120,6,-1,phrases/Star_Fox_Adventures_DarkIceMines_6.mid
0,piece_120,7,-1,phrases/Star_Fox_Adventures_DarkIceMines_7.mid
0,piece_120,8,-1,phrases/Star_Fox_Adventures_DarkIceMines_8.mid
0,piece_120,9,-1,phrases/Star_Fox_Adventures_DarkIceMines_9.mid
0,piece_120,10,-1,phrases/Star_Fox_Adventures_DarkIceMines_10.mid
0,piece_120,11,-1,phrases/Star_Fox_Adventures_DarkIceMines_11.mid
0,piece_120,12,-1,phrases/Star_Fox_Adventures_DarkIceMines_12.mid
0,piece_120,13,-1,phrases/Star_Fox_Adventures_DarkIceMines_13.mid
0,piece_120,14,-1,phrases/Star_Fox_Adventures_DarkIceMines_14.mid
0,piece_120,15,-1,phrases/Star_Fox_Adventures_DarkIceMines_15.mid
0,piece_120,16,-1,phrases/Star_Fox_Adventures_DarkIceMines_16.mid
1,piece_124,0,-1,phrases/Sims_TheNeighbourhood_0.mid
1,piece_124,1,-1,phrases/Sims_TheNeighbourhood_1.mid
1,piece_124,2,-1,phrases/Sims_TheNeighbourhood_2.mid
1,piece_124,3,-1,phrases/Sims_TheNeighbourhood_3.mid
1,piece_124,4,-1,phrases/Sims_TheNeighbourhood_4.mid
1,piece_124,5,-1,phrases/Sims_TheNeighbourhood_5.mid
1,piece_124,6,-1,phrases/Sims_TheNeighbourhood_6.mid
1,piece_124,7,-1,phrases/Sims_TheNeighbourhood_7.mid
1,piece_124,8,-1,phrases/Sims_TheNeighbourhood_8.mid
1,piece_124,9,-1,phrases/Sims_TheNeighbourhood_9.mid
1,piece_124,10,-1,phrases/Sims_TheNeighbourhood_10.mid
1,piece_124,11,-1,phrases/Sims_TheNeighbourhood_11.mid
1,piece_124,12,-1,phrases/Sims_TheNeighbourhood_12.mid
1,piece_124,13,-1,phrases/Sims_TheNeighbourhood_13.mid
1,piece_124,14,-1,phrases/Sims_TheNeighbourhood_14.mid
1,piece_124,15,-1,phrases/Sims_TheNeighbourhood_15.mid
1,piece_124,16,-1,phrases/Sims_TheNeighbourhood_16.mid
1,piece_124,17,-1,phrases/Sims_TheNeighbourhood_17.mid
1,piece_124,18,-1,phrases/Sims_TheNeighbourhood_18.mid
1,piece_125,0,-1,phrases/Warcraft_II_-_Human_Theme_1_by_Gori_Fater_0.mid
1,piece_125,1,-1,phrases/Warcraft_II_-_Human_Theme_1_by_Gori_Fater_1.mid
1,piece_125,2,-1,phrases/Warcraft_II_-_Human_Theme_1_by_Gori_Fater_2.mid
1,piece_125,3,-1,phrases/Warcraft_II_-_Human_Theme_1_by_Gori_Fater_3.mid
1,piece_125,4,-1,phrases/Warcraft_II_-_Human_Theme_1_by_Gori_Fater_4.mid
1,piece_125,5,-1,phrases/Warcraft_II_-_Human_Theme_1_by_Gori_Fater_5.mid
1,piece_125,6,-1,phrases/Warcraft_II_-_Human_Theme_1_by_Gori_Fater_6.mid
1,piece_125,7,-1,phrases/Warcraft_II_-_Human_Theme_1_by_Gori_Fater_7.mid
1,piece_125,8,-1,phrases/Warcraft_II_-_Human_Theme_1_by_Gori_Fater_8.mid
1,piece_125,9,-1,phrases/Warcraft_II_-_Human_Theme_1_by_Gori_Fater_9.mid
1,piece_125,10,-1,phrases/Warcraft_II_-_Human_Theme_1_by_Gori_Fater_10.mid
1,piece_125,11,-1,phrases/Warcraft_II_-_Human_Theme_1_by_Gori_Fater_11.mid
1,piece_125,12,-1,phrases/Warcraft_II_-_Human_Theme_1_by_Gori_Fater_12.mid
1,piece_125,13,-1,phrases/Warcraft_II_-_Human_Theme_1_by_Gori_Fater_13.mid
1,piece_125,14,-1,phrases/Warcraft_II_-_Human_Theme_1_by_Gori_Fater_14.mid
1,piece_125,15,-1,phrases/Warcraft_II_-_Human_Theme_1_by_Gori_Fater_15.mid
1,piece_125,16,-1,phrases/Warcraft_II_-_Human_Theme_1_by_Gori_Fater_16.mid
1,piece_126,0,-1,phrases/Legend_of_Zelda_Ocarina_of_Time_Hyrule_Castle_Courtyard_by_BlueSCD_0.mid
1,piece_126,1,-1,phrases/Legend_of_Zelda_Ocarina_of_Time_Hyrule_Castle_Courtyard_by_BlueSCD_1.mid
1,piece_126,2,-1,phrases/Legend_of_Zelda_Ocarina_of_Time_Hyrule_Castle_Courtyard_by_BlueSCD_2.mid
1,piece_126,3,-1,phrases/Legend_of_Zelda_Ocarina_of_Time_Hyrule_Castle_Courtyard_by_BlueSCD_3.mid
1,piece_126,4,-1,phrases/Legend_of_Zelda_Ocarina_of_Time_Hyrule_Castle_Courtyard_by_BlueSCD_4.mid
1,piece_126,5,-1,phrases/Legend_of_Zelda_Ocarina_of_Time_Hyrule_Castle_Courtyard_by_BlueSCD_5.mid
0,piece_127,0,-1,phrases/Warcraft_II_-_Orc_Theme_1_by_Gori_Fater_0.mid
0,piece_127,1,-1,phrases/Warcraft_II_-_Orc_Theme_1_by_Gori_Fater_1.mid
0,piece_127,2,-1,phrases/Warcraft_II_-_Orc_Theme_1_by_Gori_Fater_2.mid
0,piece_127,3,-1,phrases/Warcraft_II_-_Orc_Theme_1_by_Gori_Fater_3.mid
0,piece_127,4,-1,phrases/Warcraft_II_-_Orc_Theme_1_by_Gori_Fater_4.mid
0,piece_127,5,-1,phrases/Warcraft_II_-_Orc_Theme_1_by_Gori_Fater_5.mid
0,piece_127,6,-1,phrases/Warcraft_II_-_Orc_Theme_1_by_Gori_Fater_6.mid
0,piece_127,7,-1,phrases/Warcraft_II_-_Orc_Theme_1_by_Gori_Fater_7.mid
0,piece_127,8,-1,phrases/Warcraft_II_-_Orc_Theme_1_by_Gori_Fater_8.mid
0,piece_127,9,-1,phrases/Warcraft_II_-_Orc_Theme_1_by_Gori_Fater_9.mid
0,piece_127,10,-1,phrases/Warcraft_II_-_Orc_Theme_1_by_Gori_Fater_10.mid
0,piece_127,11,-1,phrases/Warcraft_II_-_Orc_Theme_1_by_Gori_Fater_11.mid
0,piece_127,12,-1,phrases/Warcraft_II_-_Orc_Theme_1_by_Gori_Fater_12.mid
0,piece_127,13,-1,phrases/Warcraft_II_-_Orc_Theme_1_by_Gori_Fater_13.mid
0,piece_127,14,-1,phrases/Warcraft_II_-_Orc_Theme_1_by_Gori_Fater_14.mid
0,piece_127,15,-1,phrases/Warcraft_II_-_Orc_Theme_1_by_Gori_Fater_15.mid
0,piece_127,16,-1,phrases/Warcraft_II_-_Orc_Theme_1_by_Gori_Fater_16.mid
1,piece_128,0,-1,phrases/Super_Mario_64_Final_Bowser_0.mid
1,piece_128,1,-1,phrases/Super_Mario_64_Final_Bowser_1.mid
1,piece_128,2,-1,phrases/Super_Mario_64_Final_Bowser_2.mid
1,piece_128,3,-1,phrases/Super_Mario_64_Final_Bowser_3.mid
1,piece_128,4,-1,phrases/Super_Mario_64_Final_Bowser_4.mid
1,piece_128,5,-1,phrases/Super_Mario_64_Final_Bowser_5.mid
1,piece_128,6,-1,phrases/Super_Mario_64_Final_Bowser_6.mid
1,piece_128,7,-1,phrases/Super_Mario_64_Final_Bowser_7.mid
1,piece_130,0,-1,phrases/Aion_Tower_of_Eternity_ForgottenSorrow_0.mid
1,piece_130,1,-1,phrases/Aion_Tower_of_Eternity_ForgottenSorrow_1.mid
1,piece_130,2,-1,phrases/Aion_Tower_of_Eternity_ForgottenSorrow_2.mid
1,piece_130,3,-1,phrases/Aion_Tower_of_Eternity_ForgottenSorrow_3.mid
1,piece_130,4,-1,phrases/Aion_Tower_of_Eternity_ForgottenSorrow_4.mid
1,piece_130,5,-1,phrases/Aion_Tower_of_Eternity_ForgottenSorrow_5.mid
1,piece_130,6,-1,phrases/Aion_Tower_of_Eternity_ForgottenSorrow_6.mid
1,piece_130,7,-1,phrases/Aion_Tower_of_Eternity_ForgottenSorrow_7.mid
1,piece_130,8,-1,phrases/Aion_Tower_of_Eternity_ForgottenSorrow_8.mid
1,piece_130,9,-1,phrases/Aion_Tower_of_Eternity_ForgottenSorrow_9.mid
1,piece_130,10,-1,phrases/Aion_Tower_of_Eternity_ForgottenSorrow_10.mid
1,piece_130,11,-1,phrases/Aion_Tower_of_Eternity_ForgottenSorrow_11.mid
1,piece_130,12,-1,phrases/Aion_Tower_of_Eternity_ForgottenSorrow_12.mid
1,piece_130,13,-1,phrases/Aion_Tower_of_Eternity_ForgottenSorrow_13.mid
1,piece_130,14,-1,phrases/Aion_Tower_of_Eternity_ForgottenSorrow_14.mid
1,piece_132,0,-1,phrases/Secret_of_Mana_AWish_0.mid
1,piece_132,1,-1,phrases/Secret_of_Mana_AWish_1.mid
1,piece_132,2,-1,phrases/Secret_of_Mana_AWish_2.mid
1,piece_132,3,-1,phrases/Secret_of_Mana_AWish_3.mid
1,piece_132,4,-1,phrases/Secret_of_Mana_AWish_4.mid
1,piece_132,5,-1,phrases/Secret_of_Mana_AWish_5.mid
1,piece_132,6,-1,phrases/Secret_of_Mana_AWish_6.mid
1,piece_137,0,-1,phrases/Battle_of_Olympus_3MagicHearts_0.mid
1,piece_137,1,-1,phrases/Battle_of_Olympus_3MagicHearts_1.mid
1,piece_137,2,-1,phrases/Battle_of_Olympus_3MagicHearts_2.mid
1,piece_137,3,-1,phrases/Battle_of_Olympus_3MagicHearts_3.mid
1,piece_137,4,-1,phrases/Battle_of_Olympus_3MagicHearts_4.mid
1,piece_137,5,-1,phrases/Battle_of_Olympus_3MagicHearts_5.mid
1,piece_137,6,-1,phrases/Battle_of_Olympus_3MagicHearts_6.mid
1,piece_137,7,-1,phrases/Battle_of_Olympus_3MagicHearts_7.mid
1,piece_137,8,-1,phrases/Battle_of_Olympus_3MagicHearts_8.mid
1,piece_137,9,-1,phrases/Battle_of_Olympus_3MagicHearts_9.mid
1,piece_137,10,-1,phrases/Battle_of_Olympus_3MagicHearts_10.mid
1,piece_137,11,-1,phrases/Battle_of_Olympus_3MagicHearts_11.mid
1,piece_137,12,-1,phrases/Battle_of_Olympus_3MagicHearts_12.mid
1,piece_137,13,-1,phrases/Battle_of_Olympus_3MagicHearts_13.mid
1,piece_139,0,-1,phrases/World_of_Warcraft_-_Song_of_Elune_by_Gori_Fater_0.mid
1,piece_139,1,-1,phrases/World_of_Warcraft_-_Song_of_Elune_by_Gori_Fater_1.mid
1,piece_139,2,-1,phrases/World_of_Warcraft_-_Song_of_Elune_by_Gori_Fater_2.mid
1,piece_139,3,-1,phrases/World_of_Warcraft_-_Song_of_Elune_by_Gori_Fater_3.mid
1,piece_139,4,-1,phrases/World_of_Warcraft_-_Song_of_Elune_by_Gori_Fater_4.mid
1,piece_139,5,-1,phrases/World_of_Warcraft_-_Song_of_Elune_by_Gori_Fater_5.mid
1,piece_139,6,-1,phrases/World_of_Warcraft_-_Song_of_Elune_by_Gori_Fater_6.mid
1,piece_139,7,-1,phrases/World_of_Warcraft_-_Song_of_Elune_by_Gori_Fater_7.mid
1,piece_139,8,-1,phrases/World_of_Warcraft_-_Song_of_Elune_by_Gori_Fater_8.mid
1,piece_139,9,-1,phrases/World_of_Warcraft_-_Song_of_Elune_by_Gori_Fater_9.mid
1,piece_140,0,-1,phrases/Aion_Tower_of_Eternity_WingsoftheKnight_0.mid
1,piece_140,1,-1,phrases/Aion_Tower_of_Eternity_WingsoftheKnight_1.mid
1,piece_140,2,-1,phrases/Aion_Tower_of_Eternity_WingsoftheKnight_2.mid
1,piece_140,3,-1,phrases/Aion_Tower_of_Eternity_WingsoftheKnight_3.mid
1,piece_140,4,-1,phrases/Aion_Tower_of_Eternity_WingsoftheKnight_4.mid
1,piece_140,5,-1,phrases/Aion_Tower_of_Eternity_WingsoftheKnight_5.mid
1,piece_140,6,-1,phrases/Aion_Tower_of_Eternity_WingsoftheKnight_6.mid
1,piece_140,7,-1,phrases/Aion_Tower_of_Eternity_WingsoftheKnight_7.mid
1,piece_140,8,-1,phrases/Aion_Tower_of_Eternity_WingsoftheKnight_8.mid
1,piece_140,9,-1,phrases/Aion_Tower_of_Eternity_WingsoftheKnight_9.mid
1,piece_140,10,-1,phrases/Aion_Tower_of_Eternity_WingsoftheKnight_10.mid
1,piece_140,11,-1,phrases/Aion_Tower_of_Eternity_WingsoftheKnight_11.mid
1,piece_140,12,-1,phrases/Aion_Tower_of_Eternity_WingsoftheKnight_12.mid
1,piece_140,13,-1,phrases/Aion_Tower_of_Eternity_WingsoftheKnight_13.mid
1,piece_140,14,-1,phrases/Aion_Tower_of_Eternity_WingsoftheKnight_14.mid
1,piece_140,15,-1,phrases/Aion_Tower_of_Eternity_WingsoftheKnight_15.mid
1,piece_140,16,-1,phrases/Aion_Tower_of_Eternity_WingsoftheKnight_16.mid
1,piece_142,0,-1,phrases/Secret_of_Mana_RoseandGhost_0.mid
1,piece_142,1,-1,phrases/Secret_of_Mana_RoseandGhost_1.mid
1,piece_142,2,-1,phrases/Secret_of_Mana_RoseandGhost_2.mid
1,piece_142,3,-1,phrases/Secret_of_Mana_RoseandGhost_3.mid
1,piece_142,4,-1,phrases/Secret_of_Mana_RoseandGhost_4.mid
1,piece_142,5,-1,phrases/Secret_of_Mana_RoseandGhost_5.mid
1,piece_142,6,-1,phrases/Secret_of_Mana_RoseandGhost_6.mid
1,piece_142,7,-1,phrases/Secret_of_Mana_RoseandGhost_7.mid
1,piece_142,8,-1,phrases/Secret_of_Mana_RoseandGhost_8.mid
1,piece_142,9,-1,phrases/Secret_of_Mana_RoseandGhost_9.mid
1,piece_142,10,-1,phrases/Secret_of_Mana_RoseandGhost_10.mid
1,piece_142,11,-1,phrases/Secret_of_Mana_RoseandGhost_11.mid
1,piece_143,0,-1,phrases/Aion_Tower_of_Eternity_SongofMoonlight_0.mid
1,piece_143,1,-1,phrases/Aion_Tower_of_Eternity_SongofMoonlight_1.mid
1,piece_143,2,-1,phrases/Aion_Tower_of_Eternity_SongofMoonlight_2.mid
1,piece_143,3,-1,phrases/Aion_Tower_of_Eternity_SongofMoonlight_3.mid
1,piece_143,4,-1,phrases/Aion_Tower_of_Eternity_SongofMoonlight_4.mid
1,piece_143,5,-1,phrases/Aion_Tower_of_Eternity_SongofMoonlight_5.mid
1,piece_143,6,-1,phrases/Aion_Tower_of_Eternity_SongofMoonlight_6.mid
1,piece_143,7,-1,phrases/Aion_Tower_of_Eternity_SongofMoonlight_7.mid
1,piece_143,8,-1,phrases/Aion_Tower_of_Eternity_SongofMoonlight_8.mid
1,piece_143,9,-1,phrases/Aion_Tower_of_Eternity_SongofMoonlight_9.mid
1,piece_143,10,-1,phrases/Aion_Tower_of_Eternity_SongofMoonlight_10.mid
1,piece_143,11,-1,phrases/Aion_Tower_of_Eternity_SongofMoonlight_11.mid
1,piece_143,12,-1,phrases/Aion_Tower_of_Eternity_SongofMoonlight_12.mid
1,piece_143,13,-1,phrases/Aion_Tower_of_Eternity_SongofMoonlight_13.mid
1,piece_143,14,-1,phrases/Aion_Tower_of_Eternity_SongofMoonlight_14.mid
1,piece_143,15,-1,phrases/Aion_Tower_of_Eternity_SongofMoonlight_15.mid
1,piece_143,16,-1,phrases/Aion_Tower_of_Eternity_SongofMoonlight_16.mid
1,piece_143,17,-1,phrases/Aion_Tower_of_Eternity_SongofMoonlight_17.mid
1,piece_143,18,-1,phrases/Aion_Tower_of_Eternity_SongofMoonlight_18.mid
1,piece_145,0,-1,phrases/Sims_Building_Theme_2_-_Bittersweet_by_Pseudo_0.mid
1,piece_145,1,-1,phrases/Sims_Building_Theme_2_-_Bittersweet_by_Pseudo_1.mid
1,piece_145,2,-1,phrases/Sims_Building_Theme_2_-_Bittersweet_by_Pseudo_2.mid
1,piece_145,3,-1,phrases/Sims_Building_Theme_2_-_Bittersweet_by_Pseudo_3.mid
1,piece_145,4,-1,phrases/Sims_Building_Theme_2_-_Bittersweet_by_Pseudo_4.mid
1,piece_145,5,-1,phrases/Sims_Building_Theme_2_-_Bittersweet_by_Pseudo_5.mid
1,piece_145,6,-1,phrases/Sims_Building_Theme_2_-_Bittersweet_by_Pseudo_6.mid
1,piece_145,7,-1,phrases/Sims_Building_Theme_2_-_Bittersweet_by_Pseudo_7.mid
1,piece_145,8,-1,phrases/Sims_Building_Theme_2_-_Bittersweet_by_Pseudo_8.mid
1,piece_145,9,-1,phrases/Sims_Building_Theme_2_-_Bittersweet_by_Pseudo_9.mid
1,piece_145,10,-1,phrases/Sims_Building_Theme_2_-_Bittersweet_by_Pseudo_10.mid
1,piece_145,11,-1,phrases/Sims_Building_Theme_2_-_Bittersweet_by_Pseudo_11.mid
1,piece_145,12,-1,phrases/Sims_Building_Theme_2_-_Bittersweet_by_Pseudo_12.mid
1,piece_145,13,-1,phrases/Sims_Building_Theme_2_-_Bittersweet_by_Pseudo_13.mid
1,piece_146,0,-1,phrases/Sims_Buying_Theme_1_by_Gori_Fater_0.mid
1,piece_146,1,-1,phrases/Sims_Buying_Theme_1_by_Gori_Fater_1.mid
1,piece_146,2,-1,phrases/Sims_Buying_Theme_1_by_Gori_Fater_2.mid
1,piece_146,3,-1,phrases/Sims_Buying_Theme_1_by_Gori_Fater_3.mid
1,piece_146,4,-1,phrases/Sims_Buying_Theme_1_by_Gori_Fater_4.mid
1,piece_146,5,-1,phrases/Sims_Buying_Theme_1_by_Gori_Fater_5.mid
1,piece_146,6,-1,phrases/Sims_Buying_Theme_1_by_Gori_Fater_6.mid
1,piece_146,7,-1,phrases/Sims_Buying_Theme_1_by_Gori_Fater_7.mid
1,piece_146,8,-1,phrases/Sims_Buying_Theme_1_by_Gori_Fater_8.mid
1,piece_149,0,-1,phrases/Xenogears_ValleyWheretheWindIsBorn_0.mid
1,piece_149,1,-1,phrases/Xenogears_ValleyWheretheWindIsBorn_1.mid
1,piece_149,2,-1,phrases/Xenogears_ValleyWheretheWindIsBorn_2.mid
1,piece_149,3,-1,phrases/Xenogears_ValleyWheretheWindIsBorn_3.mid
1,piece_149,4,-1,phrases/Xenogears_ValleyWheretheWindIsBorn_4.mid
1,piece_149,5,-1,phrases/Xenogears_ValleyWheretheWindIsBorn_5.mid
1,piece_149,6,-1,phrases/Xenogears_ValleyWheretheWindIsBorn_6.mid
1,piece_150,0,-1,phrases/BanjoTooie_IsleOHags_0.mid
1,piece_150,1,-1,phrases/BanjoTooie_IsleOHags_1.mid
1,piece_150,2,-1,phrases/BanjoTooie_IsleOHags_2.mid
1,piece_150,3,-1,phrases/BanjoTooie_IsleOHags_3.mid
1,piece_150,4,-1,phrases/BanjoTooie_IsleOHags_4.mid
1,piece_150,5,-1,phrases/BanjoTooie_IsleOHags_5.mid
1,piece_150,6,-1,phrases/BanjoTooie_IsleOHags_6.mid
1,piece_150,7,-1,phrases/BanjoTooie_IsleOHags_7.mid
1,piece_150,8,-1,phrases/BanjoTooie_IsleOHags_8.mid
1,piece_150,9,-1,phrases/BanjoTooie_IsleOHags_9.mid
1,piece_150,10,-1,phrases/BanjoTooie_IsleOHags_10.mid
1,piece_150,11,-1,phrases/BanjoTooie_IsleOHags_11.mid
1,piece_150,12,-1,phrases/BanjoTooie_IsleOHags_12.mid
1,piece_152,0,-1,phrases/Xenogears_ShipofRegretandSleep_0.mid
1,piece_152,1,-1,phrases/Xenogears_ShipofRegretandSleep_1.mid
1,piece_152,2,-1,phrases/Xenogears_ShipofRegretandSleep_2.mid
1,piece_152,3,-1,phrases/Xenogears_ShipofRegretandSleep_3.mid
1,piece_152,4,-1,phrases/Xenogears_ShipofRegretandSleep_4.mid
1,piece_152,5,-1,phrases/Xenogears_ShipofRegretandSleep_5.mid
1,piece_152,6,-1,phrases/Xenogears_ShipofRegretandSleep_6.mid
1,piece_152,7,-1,phrases/Xenogears_ShipofRegretandSleep_7.mid
1,piece_152,8,-1,phrases/Xenogears_ShipofRegretandSleep_8.mid
1,piece_153,0,-1,phrases/Ghost_n_Goblins_MainTheme_0.mid
1,piece_153,1,-1,phrases/Ghost_n_Goblins_MainTheme_1.mid
1,piece_153,2,-1,phrases/Ghost_n_Goblins_MainTheme_2.mid
1,piece_153,3,-1,phrases/Ghost_n_Goblins_MainTheme_3.mid
1,piece_153,4,-1,phrases/Ghost_n_Goblins_MainTheme_4.mid
1,piece_153,5,-1,phrases/Ghost_n_Goblins_MainTheme_5.mid
0,piece_154,0,-1,phrases/Xenogears_KnightofFire_0.mid
0,piece_154,1,-1,phrases/Xenogears_KnightofFire_1.mid
0,piece_154,2,-1,phrases/Xenogears_KnightofFire_2.mid
0,piece_154,3,-1,phrases/Xenogears_KnightofFire_3.mid
0,piece_154,4,-1,phrases/Xenogears_KnightofFire_4.mid
0,piece_154,5,-1,phrases/Xenogears_KnightofFire_5.mid
0,piece_154,6,-1,phrases/Xenogears_KnightofFire_6.mid
0,piece_154,7,-1,phrases/Xenogears_KnightofFire_7.mid
0,piece_154,8,-1,phrases/Xenogears_KnightofFire_8.mid
0,piece_154,9,-1,phrases/Xenogears_KnightofFire_9.mid
1,piece_155,0,-1,phrases/Chrono_Trigger_600AD_0.mid
1,piece_155,1,-1,phrases/Chrono_Trigger_600AD_1.mid
1,piece_155,2,-1,phrases/Chrono_Trigger_600AD_2.mid
1,piece_155,3,-1,phrases/Chrono_Trigger_600AD_3.mid
1,piece_155,4,-1,phrases/Chrono_Trigger_600AD_4.mid
1,piece_155,5,-1,phrases/Chrono_Trigger_600AD_5.mid
1,piece_155,6,-1,phrases/Chrono_Trigger_600AD_6.mid
1,piece_155,7,-1,phrases/Chrono_Trigger_600AD_7.mid
1,piece_155,8,-1,phrases/Chrono_Trigger_600AD_8.mid
1,piece_155,9,-1,phrases/Chrono_Trigger_600AD_9.mid
1,piece_155,10,-1,phrases/Chrono_Trigger_600AD_10.mid
1,piece_155,11,-1,phrases/Chrono_Trigger_600AD_11.mid
1,piece_155,12,-1,phrases/Chrono_Trigger_600AD_12.mid
1,piece_155,13,-1,phrases/Chrono_Trigger_600AD_13.mid
1,piece_155,14,-1,phrases/Chrono_Trigger_600AD_14.mid
1,piece_155,15,-1,phrases/Chrono_Trigger_600AD_15.mid
1,piece_157,0,-1,phrases/Legend_of_Zelda_Ocarina_of_Time_Kakariko_Village_by_BlueSCD_0.mid
1,piece_157,1,-1,phrases/Legend_of_Zelda_Ocarina_of_Time_Kakariko_Village_by_BlueSCD_1.mid
1,piece_157,2,-1,phrases/Legend_of_Zelda_Ocarina_of_Time_Kakariko_Village_by_BlueSCD_2.mid
1,piece_157,3,-1,phrases/Legend_of_Zelda_Ocarina_of_Time_Kakariko_Village_by_BlueSCD_3.mid
1,piece_157,4,-1,phrases/Legend_of_Zelda_Ocarina_of_Time_Kakariko_Village_by_BlueSCD_4.mid
1,piece_157,5,-1,phrases/Legend_of_Zelda_Ocarina_of_Time_Kakariko_Village_by_BlueSCD_5.mid
1,piece_157,6,-1,phrases/Legend_of_Zelda_Ocarina_of_Time_Kakariko_Village_by_BlueSCD_6.mid
1,piece_157,7,-1,phrases/Legend_of_Zelda_Ocarina_of_Time_Kakariko_Village_by_BlueSCD_7.mid
1,piece_157,8,-1,phrases/Legend_of_Zelda_Ocarina_of_Time_Kakariko_Village_by_BlueSCD_8.mid
1,piece_158,0,-1,phrases/Legend_of_Zelda_Ocarina_of_Time_Song_of_Storms_by_BlueSCD_0.mid
1,piece_158,1,-1,phrases/Legend_of_Zelda_Ocarina_of_Time_Song_of_Storms_by_BlueSCD_1.mid
1,piece_158,2,-1,phrases/Legend_of_Zelda_Ocarina_of_Time_Song_of_Storms_by_BlueSCD_2.mid
1,piece_158,3,-1,phrases/Legend_of_Zelda_Ocarina_of_Time_Song_of_Storms_by_BlueSCD_3.mid
1,piece_158,4,-1,phrases/Legend_of_Zelda_Ocarina_of_Time_Song_of_Storms_by_BlueSCD_4.mid
1,piece_158,5,-1,phrases/Legend_of_Zelda_Ocarina_of_Time_Song_of_Storms_by_BlueSCD_5.mid
1,piece_158,6,-1,phrases/Legend_of_Zelda_Ocarina_of_Time_Song_of_Storms_by_BlueSCD_6.mid
1,piece_158,7,-1,phrases/Legend_of_Zelda_Ocarina_of_Time_Song_of_Storms_by_BlueSCD_7.mid
1,piece_158,8,-1,phrases/Legend_of_Zelda_Ocarina_of_Time_Song_of_Storms_by_BlueSCD_8.mid
0,piece_159,0,-1,phrases/World_of_Warcraft_-_Wrath_of_the_Lich_King_-_Arthas_my_Son_by_Gori_Fater_0.mid
0,piece_159,1,-1,phrases/World_of_Warcraft_-_Wrath_of_the_Lich_King_-_Arthas_my_Son_by_Gori_Fater_1.mid
0,piece_159,2,-1,phrases/World_of_Warcraft_-_Wrath_of_the_Lich_King_-_Arthas_my_Son_by_Gori_Fater_2.mid
0,piece_159,3,-1,phrases/World_of_Warcraft_-_Wrath_of_the_Lich_King_-_Arthas_my_Son_by_Gori_Fater_3.mid
0,piece_159,4,-1,phrases/World_of_Warcraft_-_Wrath_of_the_Lich_King_-_Arthas_my_Son_by_Gori_Fater_4.mid
0,piece_159,5,-1,phrases/World_of_Warcraft_-_Wrath_of_the_Lich_King_-_Arthas_my_Son_by_Gori_Fater_5.mid
0,piece_159,6,-1,phrases/World_of_Warcraft_-_Wrath_of_the_Lich_King_-_Arthas_my_Son_by_Gori_Fater_6.mid
0,piece_159,7,-1,phrases/World_of_Warcraft_-_Wrath_of_the_Lich_King_-_Arthas_my_Son_by_Gori_Fater_7.mid
1,piece_162,0,-1,phrases/Secret_of_Mana_KindMemories_0.mid
1,piece_162,1,-1,phrases/Secret_of_Mana_KindMemories_1.mid
1,piece_162,2,-1,phrases/Secret_of_Mana_KindMemories_2.mid
1,piece_162,3,-1,phrases/Secret_of_Mana_KindMemories_3.mid
1,piece_162,4,-1,phrases/Secret_of_Mana_KindMemories_4.mid
1,piece_162,5,-1,phrases/Secret_of_Mana_KindMemories_5.mid
1,piece_162,6,-1,phrases/Secret_of_Mana_KindMemories_6.mid
1,piece_164,0,-1,phrases/Super_Mario_64_Princess_Secret_Slide_0.mid
1,piece_164,1,-1,phrases/Super_Mario_64_Princess_Secret_Slide_1.mid
1,piece_164,2,-1,phrases/Super_Mario_64_Princess_Secret_Slide_2.mid
1,piece_164,3,-1,phrases/Super_Mario_64_Princess_Secret_Slide_3.mid
1,piece_164,4,-1,phrases/Super_Mario_64_Princess_Secret_Slide_4.mid
1,piece_164,5,-1,phrases/Super_Mario_64_Princess_Secret_Slide_5.mid
1,piece_164,6,-1,phrases/Super_Mario_64_Princess_Secret_Slide_6.mid
1,piece_164,7,-1,phrases/Super_Mario_64_Princess_Secret_Slide_7.mid
1,piece_164,8,-1,phrases/Super_Mario_64_Princess_Secret_Slide_8.mid
1,piece_164,9,-1,phrases/Super_Mario_64_Princess_Secret_Slide_9.mid
1,piece_164,10,-1,phrases/Super_Mario_64_Princess_Secret_Slide_10.mid
1,piece_164,11,-1,phrases/Super_Mario_64_Princess_Secret_Slide_11.mid
1,piece_164,12,-1,phrases/Super_Mario_64_Princess_Secret_Slide_12.mid
0,piece_167,0,-1,phrases/Legend_of_Zelda_Ocarina_of_Time_ForestTemple_0.mid
0,piece_167,1,-1,phrases/Legend_of_Zelda_Ocarina_of_Time_ForestTemple_1.mid
0,piece_167,2,-1,phrases/Legend_of_Zelda_Ocarina_of_Time_ForestTemple_2.mid
0,piece_167,3,-1,phrases/Legend_of_Zelda_Ocarina_of_Time_ForestTemple_3.mid
0,piece_167,4,-1,phrases/Legend_of_Zelda_Ocarina_of_Time_ForestTemple_4.mid
0,piece_167,5,-1,phrases/Legend_of_Zelda_Ocarina_of_Time_ForestTemple_5.mid
0,piece_167,6,-1,phrases/Legend_of_Zelda_Ocarina_of_Time_ForestTemple_6.mid
0,piece_167,7,-1,phrases/Legend_of_Zelda_Ocarina_of_Time_ForestTemple_7.mid
0,piece_167,8,-1,phrases/Legend_of_Zelda_Ocarina_of_Time_ForestTemple_8.mid
0,piece_167,9,-1,phrases/Legend_of_Zelda_Ocarina_of_Time_ForestTemple_9.mid
0,piece_167,10,-1,phrases/Legend_of_Zelda_Ocarina_of_Time_ForestTemple_10.mid
0,piece_167,11,-1,phrases/Legend_of_Zelda_Ocarina_of_Time_ForestTemple_11.mid
0,piece_167,12,-1,phrases/Legend_of_Zelda_Ocarina_of_Time_ForestTemple_12.mid
0,piece_167,13,-1,phrases/Legend_of_Zelda_Ocarina_of_Time_ForestTemple_13.mid
0,piece_167,14,-1,phrases/Legend_of_Zelda_Ocarina_of_Time_ForestTemple_14.mid
0,piece_167,15,-1,phrases/Legend_of_Zelda_Ocarina_of_Time_ForestTemple_15.mid
0,piece_167,16,-1,phrases/Legend_of_Zelda_Ocarina_of_Time_ForestTemple_16.mid
0,piece_167,17,-1,phrases/Legend_of_Zelda_Ocarina_of_Time_ForestTemple_17.mid
0,piece_167,33,-1,phrases/Legend_of_Zelda_Ocarina_of_Time_ForestTemple_33.mid
1,piece_169,0,-1,phrases/Super_Mario_64_Haunted_Merry_Go_Round_0.mid
1,piece_169,1,-1,phrases/Super_Mario_64_Haunted_Merry_Go_Round_1.mid
1,piece_169,2,-1,phrases/Super_Mario_64_Haunted_Merry_Go_Round_2.mid
1,piece_169,3,-1,phrases/Super_Mario_64_Haunted_Merry_Go_Round_3.mid
1,piece_169,4,-1,phrases/Super_Mario_64_Haunted_Merry_Go_Round_4.mid
1,piece_169,5,-1,phrases/Super_Mario_64_Haunted_Merry_Go_Round_5.mid
1,piece_169,6,-1,phrases/Super_Mario_64_Haunted_Merry_Go_Round_6.mid
1,piece_169,7,-1,phrases/Super_Mario_64_Haunted_Merry_Go_Round_7.mid
1,piece_169,8,-1,phrases/Super_Mario_64_Haunted_Merry_Go_Round_8.mid
1,piece_169,9,-1,phrases/Super_Mario_64_Haunted_Merry_Go_Round_9.mid
1,piece_169,10,-1,phrases/Super_Mario_64_Haunted_Merry_Go_Round_10.mid
1,piece_169,11,-1,phrases/Super_Mario_64_Haunted_Merry_Go_Round_11.mid
0,piece_170,0,-1,phrases/BanjoTooie_CauldronKeep_0.mid
0,piece_170,1,-1,phrases/BanjoTooie_CauldronKeep_1.mid
0,piece_170,2,-1,phrases/BanjoTooie_CauldronKeep_2.mid
0,piece_170,3,-1,phrases/BanjoTooie_CauldronKeep_3.mid
0,piece_170,4,-1,phrases/BanjoTooie_CauldronKeep_4.mid
0,piece_170,5,-1,phrases/BanjoTooie_CauldronKeep_5.mid
0,piece_170,6,-1,phrases/BanjoTooie_CauldronKeep_6.mid
0,piece_170,7,-1,phrases/BanjoTooie_CauldronKeep_7.mid
0,piece_170,8,-1,phrases/BanjoTooie_CauldronKeep_8.mid
0,piece_170,9,-1,phrases/BanjoTooie_CauldronKeep_9.mid
0,piece_170,10,-1,phrases/BanjoTooie_CauldronKeep_10.mid
0,piece_170,11,-1,phrases/BanjoTooie_CauldronKeep_11.mid
0,piece_170,12,-1,phrases/BanjoTooie_CauldronKeep_12.mid
0,piece_170,13,-1,phrases/BanjoTooie_CauldronKeep_13.mid
0,piece_174,0,-1,phrases/Aion_Tower_of_Eternity_DeathWaltz_0.mid
0,piece_174,1,-1,phrases/Aion_Tower_of_Eternity_DeathWaltz_1.mid
0,piece_174,2,-1,phrases/Aion_Tower_of_Eternity_DeathWaltz_2.mid
0,piece_174,3,-1,phrases/Aion_Tower_of_Eternity_DeathWaltz_3.mid
0,piece_174,4,-1,phrases/Aion_Tower_of_Eternity_DeathWaltz_4.mid
0,piece_174,5,-1,phrases/Aion_Tower_of_Eternity_DeathWaltz_5.mid
0,piece_174,6,-1,phrases/Aion_Tower_of_Eternity_DeathWaltz_6.mid
0,piece_174,7,-1,phrases/Aion_Tower_of_Eternity_DeathWaltz_7.mid
0,piece_174,8,-1,phrases/Aion_Tower_of_Eternity_DeathWaltz_8.mid
0,piece_174,9,-1,phrases/Aion_Tower_of_Eternity_DeathWaltz_9.mid
0,piece_174,10,-1,phrases/Aion_Tower_of_Eternity_DeathWaltz_10.mid
0,piece_174,11,-1,phrases/Aion_Tower_of_Eternity_DeathWaltz_11.mid
0,piece_174,12,-1,phrases/Aion_Tower_of_Eternity_DeathWaltz_12.mid
0,piece_174,13,-1,phrases/Aion_Tower_of_Eternity_DeathWaltz_13.mid
0,piece_174,14,-1,phrases/Aion_Tower_of_Eternity_DeathWaltz_14.mid
0,piece_175,0,-1,phrases/Chrono_Trigger_OceanPalace_0.mid
0,piece_175,1,-1,phrases/Chrono_Trigger_OceanPalace_1.mid
0,piece_175,2,-1,phrases/Chrono_Trigger_OceanPalace_2.mid
0,piece_175,3,-1,phrases/Chrono_Trigger_OceanPalace_3.mid
0,piece_175,4,-1,phrases/Chrono_Trigger_OceanPalace_4.mid
0,piece_175,5,-1,phrases/Chrono_Trigger_OceanPalace_5.mid
0,piece_175,6,-1,phrases/Chrono_Trigger_OceanPalace_6.mid
0,piece_175,7,-1,phrases/Chrono_Trigger_OceanPalace_7.mid
0,piece_175,8,-1,phrases/Chrono_Trigger_OceanPalace_8.mid
0,piece_175,9,-1,phrases/Chrono_Trigger_OceanPalace_9.mid
0,piece_175,10,-1,phrases/Chrono_Trigger_OceanPalace_10.mid
0,piece_175,11,-1,phrases/Chrono_Trigger_OceanPalace_11.mid
0,piece_175,12,-1,phrases/Chrono_Trigger_OceanPalace_12.mid
0,piece_175,13,-1,phrases/Chrono_Trigger_OceanPalace_13.mid
0,piece_175,14,-1,phrases/Chrono_Trigger_OceanPalace_14.mid
0,piece_175,15,-1,phrases/Chrono_Trigger_OceanPalace_15.mid
0,piece_175,16,-1,phrases/Chrono_Trigger_OceanPalace_16.mid
0,piece_175,17,-1,phrases/Chrono_Trigger_OceanPalace_17.mid
0,piece_175,18,-1,phrases/Chrono_Trigger_OceanPalace_18.mid
0,piece_175,19,-1,phrases/Chrono_Trigger_OceanPalace_19.mid
0,piece_175,20,-1,phrases/Chrono_Trigger_OceanPalace_20.mid
0,piece_175,21,-1,phrases/Chrono_Trigger_OceanPalace_21.mid
0,piece_175,22,-1,phrases/Chrono_Trigger_OceanPalace_22.mid
0,piece_175,23,-1,phrases/Chrono_Trigger_OceanPalace_23.mid
0,piece_175,24,-1,phrases/Chrono_Trigger_OceanPalace_24.mid
0,piece_175,25,-1,phrases/Chrono_Trigger_OceanPalace_25.mid
1,piece_177,0,-1,phrases/Xenogears_TreasureWhichCannotBeStolen_0.mid
1,piece_177,1,-1,phrases/Xenogears_TreasureWhichCannotBeStolen_1.mid
1,piece_177,2,-1,phrases/Xenogears_TreasureWhichCannotBeStolen_2.mid
1,piece_177,3,-1,phrases/Xenogears_TreasureWhichCannotBeStolen_3.mid
1,piece_177,4,-1,phrases/Xenogears_TreasureWhichCannotBeStolen_4.mid
1,piece_177,5,-1,phrases/Xenogears_TreasureWhichCannotBeStolen_5.mid
0,piece_181,0,-1,phrases/Aion_Tower_of_Eternity_TheStillSadWorld_0.mid
0,piece_181,1,-1,phrases/Aion_Tower_of_Eternity_TheStillSadWorld_1.mid
0,piece_181,2,-1,phrases/Aion_Tower_of_Eternity_TheStillSadWorld_2.mid
0,piece_181,3,-1,phrases/Aion_Tower_of_Eternity_TheStillSadWorld_3.mid
0,piece_181,4,-1,phrases/Aion_Tower_of_Eternity_TheStillSadWorld_4.mid
0,piece_181,5,-1,phrases/Aion_Tower_of_Eternity_TheStillSadWorld_5.mid
0,piece_181,6,-1,phrases/Aion_Tower_of_Eternity_TheStillSadWorld_6.mid
0,piece_181,7,-1,phrases/Aion_Tower_of_Eternity_TheStillSadWorld_7.mid
0,piece_181,8,-1,phrases/Aion_Tower_of_Eternity_TheStillSadWorld_8.mid
0,piece_182,0,-1,phrases/BanjoTooie_Witchyworld_0.mid
0,piece_182,1,-1,phrases/BanjoTooie_Witchyworld_1.mid
0,piece_182,2,-1,phrases/BanjoTooie_Witchyworld_2.mid
0,piece_182,3,-1,phrases/BanjoTooie_Witchyworld_3.mid
0,piece_182,4,-1,phrases/BanjoTooie_Witchyworld_4.mid
0,piece_182,5,-1,phrases/BanjoTooie_Witchyworld_5.mid
0,piece_182,6,-1,phrases/BanjoTooie_Witchyworld_6.mid
0,piece_182,7,-1,phrases/BanjoTooie_Witchyworld_7.mid
0,piece_182,8,-1,phrases/BanjoTooie_Witchyworld_8.mid
0,piece_185,0,-1,phrases/Indiana_Jones_and_the_Fate_of_Atlantis_-_Crossing_by_w3sp_0.mid
0,piece_185,1,-1,phrases/Indiana_Jones_and_the_Fate_of_Atlantis_-_Crossing_by_w3sp_1.mid
0,piece_185,2,-1,phrases/Indiana_Jones_and_the_Fate_of_Atlantis_-_Crossing_by_w3sp_2.mid
0,piece_185,3,-1,phrases/Indiana_Jones_and_the_Fate_of_Atlantis_-_Crossing_by_w3sp_3.mid
0,piece_185,4,-1,phrases/Indiana_Jones_and_the_Fate_of_Atlantis_-_Crossing_by_w3sp_4.mid
0,piece_185,5,-1,phrases/Indiana_Jones_and_the_Fate_of_Atlantis_-_Crossing_by_w3sp_5.mid
0,piece_185,6,-1,phrases/Indiana_Jones_and_the_Fate_of_Atlantis_-_Crossing_by_w3sp_6.mid
0,piece_185,7,-1,phrases/Indiana_Jones_and_the_Fate_of_Atlantis_-_Crossing_by_w3sp_7.mid
0,piece_185,8,-1,phrases/Indiana_Jones_and_the_Fate_of_Atlantis_-_Crossing_by_w3sp_8.mid
0,piece_185,9,-1,phrases/Indiana_Jones_and_the_Fate_of_Atlantis_-_Crossing_by_w3sp_9.mid
0,piece_185,10,-1,phrases/Indiana_Jones_and_the_Fate_of_Atlantis_-_Crossing_by_w3sp_10.mid
0,piece_185,11,-1,phrases/Indiana_Jones_and_the_Fate_of_Atlantis_-_Crossing_by_w3sp_11.mid
0,piece_185,12,-1,phrases/Indiana_Jones_and_the_Fate_of_Atlantis_-_Crossing_by_w3sp_12.mid
1,piece_186,0,-1,phrases/Secret_of_Mana_CloseYourEyelids_0.mid
1,piece_186,1,-1,phrases/Secret_of_Mana_CloseYourEyelids_1.mid
1,piece_186,2,-1,phrases/Secret_of_Mana_CloseYourEyelids_2.mid
1,piece_186,3,-1,phrases/Secret_of_Mana_CloseYourEyelids_3.mid
1,piece_186,4,-1,phrases/Secret_of_Mana_CloseYourEyelids_4.mid
1,piece_186,5,-1,phrases/Secret_of_Mana_CloseYourEyelids_5.mid
1,piece_187,0,-1,phrases/Legend_of_Zelda_Ocarina_of_Time_Links_House_by_w3sp_0.mid
1,piece_187,1,-1,phrases/Legend_of_Zelda_Ocarina_of_Time_Links_House_by_w3sp_1.mid
1,piece_187,2,-1,phrases/Legend_of_Zelda_Ocarina_of_Time_Links_House_by_w3sp_2.mid
1,piece_187,3,-1,phrases/Legend_of_Zelda_Ocarina_of_Time_Links_House_by_w3sp_3.mid
1,piece_187,4,-1,phrases/Legend_of_Zelda_Ocarina_of_Time_Links_House_by_w3sp_4.mid
1,piece_187,5,-1,phrases/Legend_of_Zelda_Ocarina_of_Time_Links_House_by_w3sp_5.mid
1,piece_187,6,-1,phrases/Legend_of_Zelda_Ocarina_of_Time_Links_House_by_w3sp_6.mid
1,piece_187,7,-1,phrases/Legend_of_Zelda_Ocarina_of_Time_Links_House_by_w3sp_7.mid
1,piece_188,0,-1,phrases/Dragon_Warrior_Title_Screen_0.mid
1,piece_188,1,-1,phrases/Dragon_Warrior_Title_Screen_1.mid
1,piece_188,2,-1,phrases/Dragon_Warrior_Title_Screen_2.mid
1,piece_188,3,-1,phrases/Dragon_Warrior_Title_Screen_3.mid
1,piece_188,4,-1,phrases/Dragon_Warrior_Title_Screen_4.mid
1,piece_188,5,-1,phrases/Dragon_Warrior_Title_Screen_5.mid
0,piece_191,0,-1,phrases/Warcraft_III_-_Reign_of_Chaos_-_Blackrock_and_Roll_Human_Theme_1_by_Gori_Fater_0.mid
0,piece_191,1,-1,phrases/Warcraft_III_-_Reign_of_Chaos_-_Blackrock_and_Roll_Human_Theme_1_by_Gori_Fater_1.mid
0,piece_191,2,-1,phrases/Warcraft_III_-_Reign_of_Chaos_-_Blackrock_and_Roll_Human_Theme_1_by_Gori_Fater_2.mid
0,piece_191,3,-1,phrases/Warcraft_III_-_Reign_of_Chaos_-_Blackrock_and_Roll_Human_Theme_1_by_Gori_Fater_3.mid
0,piece_191,4,-1,phrases/Warcraft_III_-_Reign_of_Chaos_-_Blackrock_and_Roll_Human_Theme_1_by_Gori_Fater_4.mid
0,piece_191,5,-1,phrases/Warcraft_III_-_Reign_of_Chaos_-_Blackrock_and_Roll_Human_Theme_1_by_Gori_Fater_5.mid
0,piece_191,6,-1,phrases/Warcraft_III_-_Reign_of_Chaos_-_Blackrock_and_Roll_Human_Theme_1_by_Gori_Fater_6.mid
0,piece_191,7,-1,phrases/Warcraft_III_-_Reign_of_Chaos_-_Blackrock_and_Roll_Human_Theme_1_by_Gori_Fater_7.mid
0,piece_191,8,-1,phrases/Warcraft_III_-_Reign_of_Chaos_-_Blackrock_and_Roll_Human_Theme_1_by_Gori_Fater_8.mid
0,piece_191,9,-1,phrases/Warcraft_III_-_Reign_of_Chaos_-_Blackrock_and_Roll_Human_Theme_1_by_Gori_Fater_9.mid
0,piece_191,10,-1,phrases/Warcraft_III_-_Reign_of_Chaos_-_Blackrock_and_Roll_Human_Theme_1_by_Gori_Fater_10.mid
0,piece_191,11,-1,phrases/Warcraft_III_-_Reign_of_Chaos_-_Blackrock_and_Roll_Human_Theme_1_by_Gori_Fater_11.mid
0,piece_191,12,-1,phrases/Warcraft_III_-_Reign_of_Chaos_-_Blackrock_and_Roll_Human_Theme_1_by_Gori_Fater_12.mid
0,piece_191,13,-1,phrases/Warcraft_III_-_Reign_of_Chaos_-_Blackrock_and_Roll_Human_Theme_1_by_Gori_Fater_13.mid
1,piece_191,14,-1,phrases/Warcraft_III_-_Reign_of_Chaos_-_Blackrock_and_Roll_Human_Theme_1_by_Gori_Fater_14.mid
1,piece_191,15,-1,phrases/Warcraft_III_-_Reign_of_Chaos_-_Blackrock_and_Roll_Human_Theme_1_by_Gori_Fater_15.mid
1,piece_191,16,-1,phrases/Warcraft_III_-_Reign_of_Chaos_-_Blackrock_and_Roll_Human_Theme_1_by_Gori_Fater_16.mid
1,piece_193,0,-1,phrases/Secret_of_Mana_SpiritoftheNight_0.mid
1,piece_193,1,-1,phrases/Secret_of_Mana_SpiritoftheNight_1.mid
1,piece_193,2,-1,phrases/Secret_of_Mana_SpiritoftheNight_2.mid
1,piece_193,3,-1,phrases/Secret_of_Mana_SpiritoftheNight_3.mid
1,piece_193,4,-1,phrases/Secret_of_Mana_SpiritoftheNight_4.mid
1,piece_193,5,-1,phrases/Secret_of_Mana_SpiritoftheNight_5.mid
1,piece_193,6,-1,phrases/Secret_of_Mana_SpiritoftheNight_6.mid
1,piece_193,7,-1,phrases/Secret_of_Mana_SpiritoftheNight_7.mid
1,piece_193,8,-1,phrases/Secret_of_Mana_SpiritoftheNight_8.mid
1,piece_193,10,-1,phrases/Secret_of_Mana_SpiritoftheNight_10.mid
1,piece_193,11,-1,phrases/Secret_of_Mana_SpiritoftheNight_11.mid
1,piece_193,12,-1,phrases/Secret_of_Mana_SpiritoftheNight_12.mid
1,piece_196,0,-1,phrases/Indiana_Jones_and_the_Last_Crusade_-_Zeppelin_by_w3sp_0.mid
1,piece_196,1,-1,phrases/Indiana_Jones_and_the_Last_Crusade_-_Zeppelin_by_w3sp_1.mid
1,piece_196,2,-1,phrases/Indiana_Jones_and_the_Last_Crusade_-_Zeppelin_by_w3sp_2.mid
1,piece_196,3,-1,phrases/Indiana_Jones_and_the_Last_Crusade_-_Zeppelin_by_w3sp_3.mid
1,piece_196,4,-1,phrases/Indiana_Jones_and_the_Last_Crusade_-_Zeppelin_by_w3sp_4.mid
1,piece_196,5,-1,phrases/Indiana_Jones_and_the_Last_Crusade_-_Zeppelin_by_w3sp_5.mid
1,piece_196,6,-1,phrases/Indiana_Jones_and_the_Last_Crusade_-_Zeppelin_by_w3sp_6.mid
1,piece_196,7,-1,phrases/Indiana_Jones_and_the_Last_Crusade_-_Zeppelin_by_w3sp_7.mid
0,piece_197,0,-1,phrases/Final_Fantasy_7_JENOVA_0.mid
0,piece_197,1,-1,phrases/Final_Fantasy_7_JENOVA_1.mid
0,piece_197,2,-1,phrases/Final_Fantasy_7_JENOVA_2.mid
0,piece_197,3,-1,phrases/Final_Fantasy_7_JENOVA_3.mid
0,piece_197,4,-1,phrases/Final_Fantasy_7_JENOVA_4.mid
0,piece_197,5,-1,phrases/Final_Fantasy_7_JENOVA_5.mid
0,piece_197,6,-1,phrases/Final_Fantasy_7_JENOVA_6.mid
0,piece_197,7,-1,phrases/Final_Fantasy_7_JENOVA_7.mid
0,piece_197,8,-1,phrases/Final_Fantasy_7_JENOVA_8.mid
0,piece_197,9,-1,phrases/Final_Fantasy_7_JENOVA_9.mid
0,piece_197,10,-1,phrases/Final_Fantasy_7_JENOVA_10.mid
0,piece_197,11,-1,phrases/Final_Fantasy_7_JENOVA_11.mid
1,piece_197,12,-1,phrases/Final_Fantasy_7_JENOVA_12.mid
1,piece_197,13,-1,phrases/Final_Fantasy_7_JENOVA_13.mid
0,piece_198,0,-1,phrases/BanjoTooie_IsleOHagsCauldronKeep_0.mid
0,piece_198,1,-1,phrases/BanjoTooie_IsleOHagsCauldronKeep_1.mid
0,piece_198,2,-1,phrases/BanjoTooie_IsleOHagsCauldronKeep_2.mid
0,piece_198,3,-1,phrases/BanjoTooie_IsleOHagsCauldronKeep_3.mid
0,piece_198,4,-1,phrases/BanjoTooie_IsleOHagsCauldronKeep_4.mid
0,piece_198,5,-1,phrases/BanjoTooie_IsleOHagsCauldronKeep_5.mid
0,piece_198,6,-1,phrases/BanjoTooie_IsleOHagsCauldronKeep_6.mid
0,piece_198,7,-1,phrases/BanjoTooie_IsleOHagsCauldronKeep_7.mid
0,piece_198,10,-1,phrases/BanjoTooie_IsleOHagsCauldronKeep_10.mid
0,piece_198,11,-1,phrases/BanjoTooie_IsleOHagsCauldronKeep_11.mid
0,piece_198,12,-1,phrases/BanjoTooie_IsleOHagsCauldronKeep_12.mid
0,piece_198,13,-1,phrases/BanjoTooie_IsleOHagsCauldronKeep_13.mid
0,piece_199,0,-1,phrases/Final_Fantasy_7_OneWingedAngel_0.mid
0,piece_199,1,-1,phrases/Final_Fantasy_7_OneWingedAngel_1.mid
0,piece_199,2,-1,phrases/Final_Fantasy_7_OneWingedAngel_2.mid
0,piece_199,3,-1,phrases/Final_Fantasy_7_OneWingedAngel_3.mid
0,piece_199,4,-1,phrases/Final_Fantasy_7_OneWingedAngel_4.mid
0,piece_199,5,-1,phrases/Final_Fantasy_7_OneWingedAngel_5.mid
0,piece_199,6,-1,phrases/Final_Fantasy_7_OneWingedAngel_6.mid
0,piece_199,7,-1,phrases/Final_Fantasy_7_OneWingedAngel_7.mid
0,piece_199,8,-1,phrases/Final_Fantasy_7_OneWingedAngel_8.mid
0,piece_199,9,-1,phrases/Final_Fantasy_7_OneWingedAngel_9.mid
0,piece_199,10,-1,phrases/Final_Fantasy_7_OneWingedAngel_10.mid
0,piece_199,11,-1,phrases/Final_Fantasy_7_OneWingedAngel_11.mid
0,piece_199,12,-1,phrases/Final_Fantasy_7_OneWingedAngel_12.mid
0,piece_199,13,-1,phrases/Final_Fantasy_7_OneWingedAngel_13.mid
0,piece_199,14,-1,phrases/Final_Fantasy_7_OneWingedAngel_14.mid
0,piece_199,15,-1,phrases/Final_Fantasy_7_OneWingedAngel_15.mid
0,piece_199,16,-1,phrases/Final_Fantasy_7_OneWingedAngel_16.mid
0,piece_199,17,-1,phrases/Final_Fantasy_7_OneWingedAngel_17.mid
0,piece_199,18,-1,phrases/Final_Fantasy_7_OneWingedAngel_18.mid
0,piece_199,19,-1,phrases/Final_Fantasy_7_OneWingedAngel_19.mid
0,piece_199,20,-1,phrases/Final_Fantasy_7_OneWingedAngel_20.mid
0,piece_199,21,-1,phrases/Final_Fantasy_7_OneWingedAngel_21.mid
0,piece_199,22,-1,phrases/Final_Fantasy_7_OneWingedAngel_22.mid
0,piece_199,23,-1,phrases/Final_Fantasy_7_OneWingedAngel_23.mid
0,piece_199,24,-1,phrases/Final_Fantasy_7_OneWingedAngel_24.mid
0,piece_199,25,-1,phrases/Final_Fantasy_7_OneWingedAngel_25.mid
0,piece_199,26,-1,phrases/Final_Fantasy_7_OneWingedAngel_26.mid
0,piece_199,27,-1,phrases/Final_Fantasy_7_OneWingedAngel_27.mid
0,piece_199,28,-1,phrases/Final_Fantasy_7_OneWingedAngel_28.mid
